Frame_Index,Predicted_Class,Ground_Truth,Is_Correct,Running_Accuracy,P_Target_Calc,P_Target_GT,P_Intf1_Calc,P_Intf1_GT,P_Intf2_Calc,P_Intf2_GT
0,0,1,0,0.00%,6.196763e-02,8.777538e-07,2.208053e-02,1.197610e-06,1.404715e-01,1.881872e-05
1,0,2,0,0.00%,1.284716e-02,3.252080e-06,9.588411e-03,1.556690e-05,2.120048e-02,4.753011e-06
2,0,2,0,0.00%,1.423722e-02,1.297991e-03,3.415324e-02,1.972974e-04,1.322843e-02,9.469610e-04
3,0,2,0,0.00%,4.541295e-02,5.186300e-03,8.468474e-02,4.857636e-05,1.929774e-02,5.642253e-03
4,1,2,0,0.00%,5.628274e-02,9.556052e-03,1.266732e-02,3.491775e-05,9.857933e-02,1.528040e-02
5,1,2,0,0.00%,9.791666e-02,1.145022e-02,1.248772e-02,4.746528e-05,1.389944e-01,2.260219e-02
6,2,2,1,14.29%,4.871826e-02,1.054095e-02,1.573024e-02,1.448210e-03,2.929950e-02,2.792866e-02
7,2,2,1,25.00%,3.310707e-02,1.054488e-02,2.056676e-02,2.781997e-03,1.100576e-01,4.090566e-02
8,2,2,1,33.33%,7.507107e-02,1.018659e-02,1.965911e-02,3.075111e-03,1.960157e-01,3.402706e-02
9,2,2,1,40.00%,2.292048e-01,1.301568e-02,5.399813e-02,2.778946e-03,8.196100e-02,3.670995e-02
10,2,2,1,45.45%,6.513009e-01,1.084648e-02,1.289239e-02,9.629048e-04,7.994675e-02,2.668278e-02
11,2,2,1,50.00%,4.271418e-01,6.576847e-03,9.923510e-03,7.689624e-05,1.530243e-02,2.032099e-02
12,2,2,1,53.85%,9.783617e-01,6.694098e-03,1.341198e-02,1.274978e-05,9.673722e-02,1.458927e-02
13,2,2,1,57.14%,3.033969e-01,3.337996e-03,8.610036e-03,2.425780e-05,1.140555e-02,1.397140e-02
14,2,2,1,60.00%,5.392731e-02,2.760576e-03,1.116869e-02,1.124740e-05,1.039975e-01,1.021058e-02
15,2,2,1,62.50%,4.370590e-02,2.393948e-03,1.176643e-02,5.780390e-06,2.105812e-01,7.202591e-03
16,2,2,1,64.71%,5.531358e-02,1.639389e-03,1.026494e-02,7.277887e-06,1.868964e+00,5.140829e-03
17,2,2,1,66.67%,5.536793e-02,1.347174e-03,1.145357e-02,4.563882e-06,7.089356e-02,2.885915e-03
18,2,2,1,68.42%,8.070919e-02,9.044923e-04,1.140258e-02,4.586031e-06,1.108481e-01,1.744490e-03
19,2,2,1,70.00%,2.161825e-01,4.738157e-04,1.694037e-02,8.293197e-06,2.558586e-02,1.848364e-03
20,2,2,1,71.43%,3.203750e-02,2.804686e-04,1.751399e-02,1.236503e-04,8.760595e-02,2.083356e-03
21,2,2,1,72.73%,8.801647e-02,1.329291e-04,1.004023e-02,1.510458e-04,5.045006e-02,2.001810e-03
22,2,1,0,69.57%,6.119717e-02,2.101120e-04,9.624067e-03,1.129378e-03,3.817651e-02,1.348156e-03
23,2,1,0,66.67%,8.437916e-02,2.352034e-04,1.137899e-02,8.578674e-04,1.329300e-01,1.163160e-03
24,2,1,0,64.00%,6.034016e-02,3.974903e-04,1.552336e-02,8.059225e-04,4.262902e-02,1.146812e-03
25,2,1,0,61.54%,2.647916e-01,5.174410e-04,1.416846e-02,1.337768e-03,1.871921e-02,1.027820e-03
26,2,1,0,59.26%,1.157899e-01,6.192214e-04,2.006339e-02,3.473198e-03,4.562508e-02,1.251918e-03
27,2,1,0,57.14%,3.245944e-02,8.015466e-04,2.246266e-02,5.563377e-03,3.126154e-02,8.427389e-04
28,2,1,0,55.17%,6.117563e-02,1.133335e-03,1.194770e-02,1.413722e-02,6.702178e-02,1.257920e-03
29,2,1,0,53.33%,1.291106e-01,2.009487e-03,1.737859e-02,9.439008e-03,4.147362e-02,9.810247e-04
30,2,1,0,51.61%,3.168083e-01,3.300849e-03,2.053222e-02,9.159712e-03,2.957764e-02,1.078043e-03
31,2,1,0,50.00%,4.549984e-01,5.816689e-03,2.500449e-02,9.975657e-03,2.710334e-02,1.750998e-03
32,2,1,0,48.48%,4.848244e-01,8.005002e-03,3.945297e-02,6.152959e-03,4.076521e-02,3.309548e-03
33,2,1,0,47.06%,1.052887e+00,9.523421e-03,4.217764e-02,1.082386e-02,2.825701e-02,8.563142e-03
34,2,1,0,45.71%,2.543012e-01,8.932394e-03,1.555358e-02,4.253137e-03,1.641059e-02,1.169407e-02
35,1,1,1,47.22%,2.374339e-01,9.822762e-03,2.334791e-02,2.800370e-03,5.576764e-02,1.336122e-02
36,1,1,1,48.65%,8.530999e-02,1.005262e-02,2.909952e-02,1.928095e-03,5.579503e-02,2.316918e-02
37,1,1,1,50.00%,3.828142e-02,1.040438e-02,3.403476e-02,5.953242e-04,1.086811e-01,1.392977e-02
38,1,1,1,51.28%,1.205266e-01,1.055446e-02,3.384330e-02,2.798672e-04,8.967276e-02,2.547181e-02
39,1,1,1,52.50%,5.942494e-02,1.001743e-02,2.117638e-02,2.956958e-04,2.569499e-01,2.262333e-02
40,1,1,1,53.66%,7.449590e-02,9.670212e-03,2.732683e-02,3.738344e-03,2.201430e-01,2.064522e-02
41,1,1,1,54.76%,6.550230e-02,9.696664e-03,2.583871e-02,1.625189e-02,1.795481e-01,1.856208e-02
42,1,1,1,55.81%,1.007545e-01,9.905694e-03,2.310554e-02,2.934854e-02,1.807460e-01,1.770173e-02
43,1,1,1,56.82%,4.760755e-02,5.474351e-03,8.832119e-02,3.459638e-02,6.775098e-02,1.824114e-02
44,1,1,1,57.78%,2.976609e-01,9.939669e-03,1.031276e-01,3.176144e-02,4.982138e-02,1.503628e-02
45,1,1,1,58.70%,1.551514e-02,9.968838e-03,1.026390e+00,2.560471e-02,9.927516e-02,1.640300e-02
46,1,1,1,59.57%,4.332376e-02,9.705814e-03,1.157735e+00,2.394034e-02,6.236681e-02,1.889618e-02
47,1,1,1,60.42%,2.131116e-02,7.610613e-03,2.341687e+00,2.411734e-02,7.706823e-02,1.630815e-02
48,1,1,1,61.22%,1.049500e-01,6.127371e-03,8.910759e-01,2.370779e-02,3.379513e-01,5.638093e-03
49,1,1,1,62.00%,2.027528e-02,3.233042e-03,2.875187e-01,2.487760e-02,3.077261e-01,3.586509e-03
50,1,1,1,62.75%,5.411777e-02,2.208213e-03,5.096933e-01,2.608147e-02,2.980196e-01,7.245856e-03
51,1,1,1,63.46%,1.694807e-02,2.932812e-03,3.835785e-01,2.822507e-02,4.566810e-01,8.342107e-03
52,1,1,1,64.15%,1.088768e-01,2.788673e-03,2.346866e-01,2.532055e-02,4.194436e-01,6.272199e-03
53,0,1,0,62.96%,1.831535e-02,2.568587e-03,1.743761e-01,2.496264e-02,7.356131e-01,7.060836e-03
54,1,1,1,63.64%,2.437054e-02,3.747960e-03,2.538643e-01,2.421254e-02,5.271904e-01,9.152112e-03
55,1,1,1,64.29%,9.522938e-02,3.725561e-03,2.181970e-01,2.314874e-02,3.729581e-01,7.735590e-03
56,1,1,1,64.91%,1.202072e-02,3.387089e-03,2.794395e-01,2.458951e-02,3.481337e-01,8.141381e-03
57,1,1,1,65.52%,6.911987e-02,3.718438e-03,2.327691e-01,2.612143e-02,3.493767e-01,8.127053e-03
58,0,1,0,64.41%,2.378701e-02,4.022509e-03,4.700939e-01,2.497403e-02,1.980709e-01,7.256287e-03
59,0,1,0,63.33%,2.325956e-02,3.648366e-03,3.519626e-01,2.540598e-02,1.422036e-01,1.619606e-02
60,1,1,1,63.93%,2.484846e-02,2.821680e-03,3.499632e-01,2.573642e-02,7.076613e-02,1.168452e-02
61,1,1,1,64.52%,5.958202e-02,2.586929e-03,1.626936e-01,2.516448e-02,3.016431e-01,1.139812e-02
62,1,1,1,65.08%,2.811647e-02,2.855830e-03,2.939100e-02,2.590815e-02,5.565312e-02,1.020992e-02
63,1,1,1,65.62%,4.758435e-02,2.974018e-03,1.599783e-01,2.205699e-02,2.429189e-01,1.221537e-02
64,1,1,1,66.15%,2.123993e-02,2.456496e-03,4.877345e-02,2.072707e-02,4.321299e-01,1.088628e-02
65,1,1,1,66.67%,9.526754e-02,2.841150e-03,4.747763e-02,1.671794e-02,1.810835e-01,9.123921e-03
66,1,1,1,67.16%,7.779926e-01,1.236009e-03,4.479349e-02,1.666598e-02,1.575918e-01,9.561814e-03
67,1,1,1,67.65%,1.612341e-01,6.238212e-04,9.892091e-02,1.334292e-02,5.887058e-01,8.705551e-03
68,1,0,0,66.67%,6.768867e-02,3.007698e-04,1.721673e-01,1.280442e-02,3.377938e-01,5.689399e-03
69,1,0,0,65.71%,3.454876e-02,2.773090e-04,2.984084e-01,1.139826e-02,1.114489e-01,2.980454e-03
70,1,0,0,64.79%,2.431936e-02,3.922362e-04,1.679581e-01,1.573979e-02,6.109121e-02,3.167602e-03
71,0,0,1,65.28%,1.309865e-02,4.316640e-04,6.418988e-02,1.312923e-02,2.693706e-02,3.203373e-03
72,0,0,1,65.75%,1.565372e-02,6.149594e-04,7.226205e-02,1.053158e-02,7.929044e-02,4.360110e-03
73,0,0,1,66.22%,1.959085e-02,7.174700e-04,9.608152e-02,1.204069e-02,3.256021e-01,5.578087e-03
74,1,0,0,65.33%,2.099745e-02,1.379226e-03,1.096384e-01,8.404960e-03,1.973291e-01,6.174756e-03
75,1,0,0,64.47%,1.309418e-02,1.024552e-03,1.022491e-01,8.149215e-03,4.377813e-01,5.239100e-03
76,1,0,0,63.64%,2.995827e-02,1.920806e-03,1.127913e-01,7.442761e-03,4.122992e-01,4.539344e-03
77,0,0,1,64.10%,2.167230e-02,4.300683e-03,2.065380e-01,5.314396e-03,1.360678e-01,4.855456e-03
78,0,1,0,63.29%,5.896174e-02,5.525636e-03,4.854014e-02,4.530949e-03,5.613356e-02,4.191359e-03
79,1,1,1,63.75%,3.212859e-02,5.293729e-03,3.077546e-02,3.137796e-03,1.812342e-02,4.765392e-03
80,0,1,0,62.96%,3.731088e-01,6.504864e-03,2.658682e-02,3.691778e-03,3.109559e-02,3.607356e-03
81,0,1,0,62.20%,3.618331e-01,3.798456e-03,1.850392e-02,1.989796e-03,2.810597e-02,2.894561e-03
82,0,1,0,61.45%,2.632904e-02,3.443820e-03,4.331667e-02,1.372861e-03,2.252987e-02,9.727292e-04
83,0,1,0,60.71%,2.100069e-02,1.894033e-03,1.422348e-02,1.953573e-03,1.383347e-02,1.907629e-04
84,0,1,0,60.00%,2.496189e-02,1.681830e-03,4.201892e-01,1.175399e-03,1.662111e-02,5.681089e-05
85,0,1,0,59.30%,3.014396e-02,3.319896e-03,1.320304e-01,4.272735e-04,1.182485e-02,4.964739e-04
86,0,2,0,58.62%,2.518959e-02,3.099167e-03,9.148501e-02,2.239716e-04,1.615736e-02,1.375000e-03
87,0,2,0,57.95%,1.105813e-02,5.773277e-03,2.768890e-02,6.309355e-04,1.779922e-02,3.418330e-03
88,0,2,0,57.30%,5.307439e-02,4.602063e-03,3.636746e-02,1.099346e-03,1.466609e-02,1.893738e-02
89,0,2,0,56.67%,2.289733e-02,9.291801e-04,8.009721e-02,2.526759e-03,1.745185e-02,1.824215e-02
90,0,2,0,56.04%,1.272725e-02,5.452706e-04,2.477743e-02,6.037317e-03,1.656630e-02,4.299580e-02
91,0,2,0,55.43%,1.203647e-02,1.212610e-04,1.764981e-02,5.059774e-03,2.464322e-02,1.073922e-02
92,0,2,0,54.84%,2.191386e-02,6.299256e-05,3.298984e-02,2.723449e-03,1.996980e-02,9.507885e-03
93,0,2,0,54.26%,9.171448e-02,7.287356e-04,3.767767e-02,2.394325e-03,2.548849e-02,6.437793e-03
94,0,2,0,53.68%,7.295354e-01,9.539410e-03,2.343036e-02,2.564593e-03,2.309335e-02,2.542968e-02
95,0,2,0,53.12%,8.797622e+00,1.785835e-02,2.014140e-02,2.828913e-03,2.004042e-02,1.689037e-02
96,0,2,0,52.58%,6.480051e+00,1.647850e-02,2.237089e-02,2.698890e-03,1.761374e-02,2.380981e-02
97,0,2,0,52.04%,8.716085e+00,2.186572e-02,2.039285e-02,1.442643e-03,1.969721e-02,1.704010e-02
98,0,2,0,51.52%,1.158879e+01,1.394038e-02,1.950082e-02,2.045566e-03,2.070173e-02,1.508939e-02
99,0,2,0,51.00%,5.157003e+00,1.411755e-02,2.131835e-02,1.776112e-03,2.088647e-02,7.472946e-03
100,0,2,0,50.50%,9.633387e+00,9.761344e-03,2.250994e-02,1.701691e-03,1.920245e-02,1.004706e-02
101,0,2,0,50.00%,3.345423e+00,8.785987e-03,1.942331e-02,1.511422e-03,2.124778e-02,2.683621e-02
102,0,2,0,49.51%,4.679007e+00,5.755333e-03,1.973467e-02,7.467192e-04,2.051694e-02,4.487930e-02
103,0,2,0,49.04%,2.322016e+00,1.899368e-03,1.991656e-02,9.696793e-04,2.567006e-02,8.117479e-02
104,0,2,0,48.57%,1.004113e-01,3.701194e-04,3.286018e-02,9.566493e-04,1.720978e-02,4.846859e-02
105,0,2,0,48.11%,2.032582e-01,1.508341e-04,3.164380e-02,6.219296e-04,2.744459e-02,9.970179e-03
106,0,2,0,47.66%,4.857893e-02,1.144657e-04,4.004593e-02,8.688422e-04,2.267104e-02,1.927086e-02
107,0,2,0,47.22%,8.445833e-02,8.028487e-05,7.193682e-02,7.427164e-04,2.718604e-02,1.256714e-02
108,0,2,0,46.79%,1.169666e-01,2.287341e-04,3.691075e-02,2.675539e-04,1.920604e-02,1.034644e-02
109,0,2,0,46.36%,1.672927e-01,1.646718e-04,2.681450e-02,4.909899e-04,2.994068e-02,9.427406e-03
110,0,2,0,45.95%,6.069280e-02,1.031611e-04,2.505066e-02,1.142217e-03,1.561520e-02,1.267512e-02
111,0,2,0,45.54%,4.104647e-02,9.710253e-05,4.871714e-02,2.323174e-04,1.594157e-02,2.928480e-03
112,0,2,0,45.13%,5.446440e-02,6.702128e-05,5.818488e-02,2.314329e-04,2.030720e-02,3.314257e-03
113,0,2,0,44.74%,2.890489e-02,8.961362e-05,2.094461e-02,1.300152e-04,1.511911e-02,1.665701e-03
114,0,2,0,44.35%,8.636668e-02,4.308101e-05,2.435844e-02,7.229395e-05,1.917630e-02,3.916918e-04
115,1,2,0,43.97%,1.848056e-02,7.020377e-05,2.002549e-02,1.392819e-04,1.638139e-02,1.656222e-04
116,1,2,0,43.59%,4.932275e-02,5.977035e-05,5.394582e-02,4.597184e-03,1.220214e-02,9.704244e-05
117,1,2,0,43.22%,2.523151e-02,4.142375e-05,2.028372e+00,5.452898e-03,3.133340e-02,1.102223e-03
118,1,2,0,42.86%,2.787143e-02,1.141641e-04,2.940403e-02,8.885955e-03,1.302751e-01,9.532241e-03
119,1,2,0,42.50%,6.684257e-02,7.805405e-05,1.114420e-01,8.555293e-03,5.368650e-01,1.321881e-02
120,1,2,0,42.15%,2.763031e-02,2.530864e-05,5.599083e-02,9.389748e-03,1.219027e-01,1.817155e-02
121,1,2,0,41.80%,1.697547e-02,3.194698e-05,4.272847e-02,6.336281e-03,5.665551e-02,1.264326e-02
122,2,2,1,42.28%,4.677843e-02,1.851950e-05,5.861403e-02,5.379458e-03,2.381450e-01,8.542240e-03
123,2,1,0,41.94%,1.692805e-01,2.313312e-05,7.179059e-02,1.790245e-03,9.740962e-02,7.309021e-03
124,2,1,0,41.60%,1.720329e-01,1.764096e-05,1.837474e-02,1.710118e-03,3.191848e-01,8.658362e-03
125,2,1,0,41.27%,2.051593e-02,5.676240e-04,1.935557e-02,2.187952e-03,8.864585e-01,9.641461e-03
126,2,1,0,40.94%,1.817606e-02,4.476423e-03,2.368212e-02,2.231640e-03,8.094440e-01,9.306104e-03
127,2,1,0,40.62%,2.408153e-02,5.001764e-03,2.598893e-02,2.938332e-03,2.020279e-01,7.290632e-03
128,2,1,0,40.31%,3.883065e-02,4.161105e-03,1.608251e-01,3.578891e-03,2.372972e-01,9.318466e-03
129,2,1,0,40.00%,1.378118e-02,4.244934e-03,2.291995e-02,3.331156e-03,8.364639e-01,7.098217e-03
130,2,1,0,39.69%,3.717705e-02,4.599642e-03,7.410005e-02,3.545480e-03,1.327589e-01,3.834035e-03
131,1,1,1,40.15%,3.034033e-01,2.719048e-03,2.392895e-02,3.923184e-03,9.478801e-02,2.106888e-03
132,2,1,0,39.85%,2.198411e-02,1.267648e-03,2.240670e-02,4.003872e-03,2.783807e-01,3.973349e-03
133,2,1,0,39.55%,2.174602e-02,5.859190e-04,1.651059e-01,5.244285e-03,4.056632e-02,2.992009e-04
134,2,1,0,39.26%,3.272925e-02,9.463479e-05,7.718057e-01,3.493908e-03,1.500662e-02,4.572156e-05
135,2,1,0,38.97%,5.235397e-02,5.041422e-05,3.509373e-01,4.127475e-03,1.380331e-02,3.562789e-04
136,1,1,1,39.42%,8.677474e-03,7.872342e-05,1.997244e-02,2.330567e-03,4.317284e-02,1.346295e-03
137,1,1,1,39.86%,3.457112e-02,5.984069e-05,1.989780e-02,5.606785e-04,4.204677e-02,1.272114e-04
138,1,1,1,40.29%,1.352337e-02,1.090842e-05,1.212126e-01,2.981697e-04,1.325572e-02,1.482597e-05
139,2,1,0,40.00%,3.586613e-02,1.468464e-05,4.716282e-02,2.698469e-04,1.552795e-02,4.263418e-05
140,2,1,0,39.72%,2.861232e-02,3.091861e-05,2.327939e-02,1.794212e-04,1.296713e-02,8.276963e-05
141,2,1,0,39.44%,3.663093e-02,4.549785e-05,2.244016e-02,4.650052e-05,3.008508e-02,5.129734e-05
142,2,1,0,39.16%,2.664504e-02,2.909586e-05,1.165201e-02,6.099312e-05,9.021636e-02,6.221249e-05
143,2,1,0,38.89%,6.060121e-02,2.462180e-05,1.142432e-02,6.318853e-05,7.561882e-02,6.373726e-05
144,2,1,0,38.62%,2.129180e-02,2.523104e-05,2.401970e-02,1.552679e-03,3.896988e-02,1.508314e-03
145,2,1,0,38.36%,6.147294e-02,3.073180e-05,3.333580e-02,1.205353e-02,8.159726e-02,1.133768e-03
146,2,1,0,38.10%,1.339041e-02,1.250110e-04,1.906200e-02,7.159124e-03,2.683356e-02,5.847262e-04
147,2,1,0,37.84%,3.100416e-02,1.022794e-03,1.046783e-02,5.417172e-03,3.126613e-01,8.041781e-04
148,2,1,0,37.58%,5.082066e-02,8.671956e-04,1.539399e-02,7.258656e-03,4.407473e-02,3.516731e-04
149,2,1,0,37.33%,1.896055e-02,7.237341e-04,1.845080e-02,5.940428e-03,3.570914e-01,2.301231e-03
150,2,1,0,37.09%,2.003885e-02,9.406076e-04,1.406090e-02,1.247835e-03,9.355973e-02,2.969178e-03
151,2,1,0,36.84%,1.475069e-02,9.124186e-04,1.173693e-02,6.323060e-04,2.611279e+00,4.259480e-03
152,2,1,0,36.60%,1.721303e-02,1.369651e-03,1.182742e-02,6.191297e-04,5.661660e-01,5.266896e-03
153,2,1,0,36.36%,3.333872e-02,1.288218e-03,2.471155e-02,3.658638e-04,1.702934e-01,6.436150e-03
154,2,1,0,36.13%,5.527699e-02,9.415123e-04,2.234712e-02,3.764098e-04,2.161358e-01,6.785835e-03
155,2,1,0,35.90%,2.075852e-02,3.124044e-04,5.930667e-02,3.524421e-03,2.264152e-01,1.275857e-02
156,2,1,0,35.67%,1.485441e-02,2.008043e-04,1.669551e-01,7.594205e-03,4.591435e-01,1.363062e-02
157,2,1,0,35.44%,1.372547e-02,1.161948e-04,4.620921e-02,3.798724e-03,1.107947e-01,1.136491e-02
158,2,1,0,35.22%,2.453567e-02,2.464341e-05,3.038079e-02,7.266018e-03,1.525588e-01,1.052332e-02
159,2,1,0,35.00%,3.596938e-02,2.111724e-05,2.884089e-02,1.171338e-02,8.067978e-02,8.903986e-03
160,1,1,1,35.40%,3.178353e-02,2.060544e-04,8.502457e-02,1.886221e-02,1.983363e-02,4.664882e-03
161,1,1,1,35.80%,1.646948e-02,1.974977e-03,3.508762e-01,1.937408e-02,1.017548e-02,4.463625e-04
162,1,1,1,36.20%,2.411168e-02,4.921208e-03,7.673912e-01,2.901190e-02,7.529042e-02,1.392933e-04
163,1,1,1,36.59%,3.867704e-02,3.775249e-03,6.187008e-01,3.850064e-02,1.199454e-02,8.513645e-05
164,1,1,1,36.97%,5.251122e-02,3.864696e-03,4.018083e-01,3.150418e-02,1.987525e-02,4.988327e-05
165,1,1,1,37.35%,1.869785e-02,3.930131e-03,4.012211e+00,3.502881e-02,9.395494e-03,4.652296e-05
166,1,1,1,37.72%,6.168814e-02,5.297602e-03,4.469731e-01,2.216091e-02,1.871326e-02,3.638381e-05
167,1,1,1,38.10%,3.056037e-02,5.329527e-03,5.003160e+00,3.418597e-02,1.220122e-02,3.067846e-05
168,1,1,1,38.46%,5.049574e-02,7.217380e-03,2.449810e-01,2.330238e-02,1.331789e-02,5.556523e-05
169,1,1,1,38.82%,7.501319e-02,5.878128e-03,7.716688e-01,2.912272e-02,1.291622e-02,6.307636e-05
170,1,1,1,39.18%,2.541733e-02,5.228745e-03,1.301971e+00,1.870690e-02,6.570586e-02,5.700882e-05
171,1,1,1,39.53%,2.444643e-02,3.760212e-03,1.125254e+00,2.299751e-02,1.226097e-02,2.593826e-05
172,1,1,1,39.88%,4.131779e-02,2.732873e-03,5.924977e-01,1.838795e-02,1.933049e-02,5.366873e-05
173,1,1,1,40.23%,8.664743e-02,2.205323e-03,1.782281e-01,1.337014e-02,9.583223e-02,3.997062e-05
174,1,1,1,40.57%,2.048262e-02,3.899487e-03,4.111242e-01,1.804459e-02,1.379523e-02,1.707157e-05
175,1,1,1,40.91%,2.259675e-02,4.574358e-03,4.147354e-01,1.336995e-02,6.118874e-02,2.068129e-05
176,1,1,1,41.24%,7.356787e-02,3.935672e-03,2.585273e-01,1.630070e-02,2.553545e-02,5.656564e-05
177,1,1,1,41.57%,3.910807e-02,1.585931e-03,2.933829e-01,1.420201e-02,1.615693e-02,2.935635e-05
178,1,1,1,41.90%,2.206310e-02,3.953051e-03,8.335175e-02,1.145945e-02,4.211844e-02,1.902036e-04
179,1,1,1,42.22%,2.394861e-02,4.256722e-03,6.509973e-01,1.687247e-02,4.163008e-02,3.840491e-03
180,1,1,1,42.54%,1.264972e-02,3.171373e-03,4.309591e-01,1.331941e-02,2.052334e-01,4.955107e-03
181,1,1,1,42.86%,5.445296e-02,1.145986e-03,6.263464e-02,1.538543e-02,2.175418e-02,4.070628e-03
182,1,1,1,43.17%,2.249041e-02,3.108321e-03,6.143223e-02,1.495724e-02,6.724566e-02,3.984027e-03
183,1,1,1,43.48%,2.480134e-02,2.995628e-03,1.430787e+00,1.234014e-02,8.526973e-02,3.989787e-03
184,1,1,1,43.78%,1.335707e-02,2.850579e-03,2.671937e-01,1.386711e-02,1.474761e-02,3.732170e-03
185,1,1,1,44.09%,3.717636e-02,1.649860e-03,1.479775e-01,1.421504e-02,3.220863e-02,3.357211e-03
186,1,1,1,44.39%,6.702404e-02,1.667408e-03,2.611470e-01,1.410070e-02,1.054530e-01,2.966221e-03
187,1,1,1,44.68%,5.811548e-02,2.840638e-03,1.816895e-01,1.384346e-02,3.814223e-02,2.007874e-03
188,1,1,1,44.97%,5.939154e-02,2.806367e-03,3.222558e-01,1.493424e-02,9.068105e-02,1.571307e-03
189,1,1,1,45.26%,1.867832e-02,2.286949e-03,1.205053e+00,1.054623e-02,2.946231e-02,1.024954e-03
190,1,1,1,45.55%,5.396765e-02,1.227437e-03,3.704725e-01,1.125608e-02,4.204854e-02,9.859457e-04
191,1,1,1,45.83%,7.315513e-02,1.301738e-03,9.957673e-02,3.701208e-03,3.066329e-02,5.549052e-04
192,1,1,1,46.11%,1.074345e-01,2.200789e-03,1.518735e-02,7.075930e-04,2.736915e-01,4.477100e-04
193,1,1,1,46.39%,2.103887e-02,3.388706e-03,3.166348e-02,1.238310e-03,1.407063e-02,3.599118e-04
194,1,1,1,46.67%,1.861830e-01,3.449309e-03,5.002545e-02,1.356749e-03,1.436381e-02,3.768196e-04
195,1,1,1,46.94%,8.671387e-01,3.153075e-03,4.714594e-02,7.248288e-04,1.864485e-02,2.461289e-04
196,1,1,1,47.21%,8.396347e-01,3.816368e-03,2.463795e-02,8.674123e-04,2.112514e-02,2.328770e-04
197,1,1,1,47.47%,2.428177e+00,2.975643e-03,2.253032e-02,1.253771e-03,1.835624e-02,1.073133e-04
198,1,1,1,47.74%,9.952019e-01,3.746737e-03,1.466934e-02,7.392290e-04,1.213241e-02,1.166409e-04
199,1,1,1,48.00%,3.885714e-01,3.984882e-03,2.120579e-02,2.804095e-04,1.242273e-02,1.046862e-04
200,1,1,1,48.26%,5.755777e-01,3.156101e-03,2.212104e-02,3.278581e-04,2.265159e-02,1.531781e-04
201,1,1,1,48.51%,1.119069e-01,3.102857e-03,1.505372e-02,2.253074e-04,4.771067e-02,1.581893e-04
202,1,1,1,48.77%,2.331993e-01,2.482805e-03,3.498191e-02,2.829513e-05,1.382877e-02,7.116611e-05
203,1,1,1,49.02%,7.003038e-01,2.361141e-03,2.903468e-02,7.856023e-04,1.707236e-02,1.043424e-04
204,1,1,1,49.27%,5.313638e-02,1.837000e-03,1.583447e-01,1.054051e-03,1.145463e-02,6.605018e-05
205,1,1,1,49.51%,7.564937e-02,1.790817e-03,1.042047e-01,3.842998e-03,1.013814e-02,7.460120e-05
206,1,1,1,49.76%,4.595350e-02,2.104866e-03,1.161140e-01,4.757192e-03,6.820695e-03,5.447186e-05
207,1,1,1,50.00%,6.801521e-02,2.319637e-03,1.167159e-01,5.800883e-03,7.219060e-03,3.405535e-05
208,1,1,1,50.24%,4.115970e-02,1.951990e-03,1.438347e-01,8.101512e-03,7.345532e-03,2.818308e-05
209,1,1,1,50.48%,4.695811e-02,1.963885e-03,3.511210e-01,9.870056e-03,8.325419e-03,1.863935e-05
210,1,1,1,50.71%,3.394239e-02,1.471244e-03,9.515030e-01,7.834992e-03,9.221653e-03,1.370866e-05
211,1,1,1,50.94%,2.810729e-02,1.583952e-03,8.028329e-01,1.090166e-02,7.904337e-03,2.086376e-05
212,1,1,1,51.17%,3.419797e-02,1.271326e-03,1.986717e-01,1.032567e-02,1.007350e-02,1.272041e-05
213,1,1,1,51.40%,4.030714e-02,1.534489e-03,5.478375e-02,8.508503e-03,9.933441e-03,2.386056e-05
214,1,1,1,51.63%,3.375323e-02,9.613790e-04,1.221928e-01,7.181715e-03,1.124522e-02,3.952049e-05
215,1,1,1,51.85%,2.642543e-02,9.270544e-04,3.165972e-01,6.141951e-03,8.840024e-03,5.897830e-05
216,1,1,1,52.07%,2.431778e-02,8.302269e-04,8.708305e-01,2.642977e-03,8.228567e-03,7.158281e-05
217,1,1,1,52.29%,3.196963e-02,1.403766e-03,1.759104e+00,5.822778e-03,9.355400e-03,5.019577e-05
218,1,1,1,52.51%,3.328412e-02,1.026628e-03,5.062674e-02,6.117043e-03,6.031025e-02,6.968141e-05
219,1,1,1,52.73%,5.629357e-02,1.084356e-03,1.464144e-01,6.974916e-03,1.217204e-02,6.670156e-05
220,1,1,1,52.94%,2.459090e-02,1.195687e-03,3.061978e-01,4.768102e-03,8.954619e-03,1.542150e-04
221,1,1,1,53.15%,2.336250e-02,1.376267e-03,1.606992e+00,2.532925e-03,8.979649e-03,1.285672e-04
222,1,1,1,53.36%,3.731133e-02,1.170136e-03,2.163673e-01,6.612903e-03,9.726376e-03,1.179091e-04
223,1,1,1,53.57%,1.942666e-01,9.662252e-04,2.257326e-01,6.757522e-03,1.381554e-02,1.787505e-04
224,1,1,1,53.78%,2.595735e-02,1.164240e-03,4.511926e-01,6.204654e-03,9.543238e-03,1.907131e-04
225,1,1,1,53.98%,2.715032e-02,7.675881e-04,1.189942e+00,1.542974e-03,1.035783e-02,1.979932e-04
226,1,1,1,54.19%,3.072940e-02,3.553292e-04,5.016502e-01,6.966595e-03,1.040691e-02,1.596407e-04
227,1,1,1,54.39%,2.164791e-02,1.732512e-04,1.190577e-01,6.593494e-03,1.029662e-02,1.513518e-04
228,1,1,1,54.59%,4.366683e-02,1.343162e-04,2.681481e-01,6.804404e-03,1.176718e-02,2.107108e-04
229,1,1,1,54.78%,1.784315e-02,2.258831e-04,1.677697e+00,5.092201e-03,8.641453e-03,2.200568e-04
230,1,1,1,54.98%,4.988763e-02,2.234501e-04,7.880073e-01,2.947372e-03,9.055912e-03,3.639135e-04
231,1,1,1,55.17%,2.441966e-02,1.366018e-04,1.573635e-01,6.220422e-03,9.471266e-03,8.228131e-04
232,1,1,1,55.36%,1.179595e-01,1.832233e-04,7.713389e-02,6.468083e-03,1.726283e-02,1.760607e-03
233,1,1,1,55.56%,3.344569e-02,2.306920e-04,4.015385e-01,5.779470e-03,1.083630e-02,3.436150e-03
234,1,1,1,55.74%,4.937484e-02,2.559911e-04,4.604776e-01,4.016174e-03,1.293064e-02,6.003095e-03
235,1,1,1,55.93%,1.748611e-02,4.963764e-04,2.392689e-01,3.044622e-03,9.660917e-03,7.550760e-03
236,1,1,1,56.12%,1.117460e-01,8.265644e-04,4.798903e-02,4.886807e-03,3.485632e-02,6.505714e-03
237,1,2,0,55.88%,2.751312e-02,1.096792e-03,2.756683e-02,3.679295e-03,1.254990e-01,5.183981e-03
238,1,2,0,55.65%,5.653820e-02,1.429645e-03,7.175437e-02,2.228918e-03,2.929218e-01,5.117157e-03
239,1,2,0,55.42%,3.970668e-02,3.238213e-03,3.846638e-02,1.771898e-03,2.932918e-02,6.377383e-03
240,1,2,0,55.19%,2.198123e-01,2.831137e-03,2.461122e-02,1.524665e-03,3.166811e-02,8.371000e-03
241,1,2,0,54.96%,2.628873e-02,4.221075e-03,3.704372e-02,2.598934e-03,2.257117e-01,9.455785e-03
242,1,2,0,54.73%,1.108372e-01,9.417126e-03,1.750831e-02,2.739658e-03,1.908189e-01,7.680144e-03
243,1,2,0,54.51%,9.235654e-02,1.075478e-02,2.789479e-02,2.507324e-03,1.425306e-02,5.632082e-03
244,2,2,1,54.69%,1.208891e-01,1.378613e-02,6.444985e-02,2.566025e-03,4.202248e-02,5.962805e-03
245,2,2,1,54.88%,6.699699e-02,1.574093e-02,1.294748e-02,8.863150e-04,3.640094e-02,6.327426e-03
246,2,2,1,55.06%,2.974218e-02,1.934267e-02,3.436607e-02,2.971246e-03,1.683767e-02,6.699157e-03
247,2,2,1,55.24%,3.624997e-02,1.751558e-02,2.978017e-02,2.549141e-03,3.127741e-02,6.929929e-03
248,2,2,1,55.42%,4.670623e-02,1.758486e-02,1.730386e-02,2.701167e-03,1.306812e-01,6.673706e-03
249,2,2,1,55.60%,3.777549e-02,1.529362e-02,4.939390e-02,2.035210e-03,2.179856e-01,8.233419e-03
250,2,2,1,55.78%,1.000692e-01,1.236736e-02,2.280560e-02,1.329402e-03,3.797342e-02,8.440941e-03
251,2,2,1,55.95%,2.684809e-02,7.787918e-03,1.454010e-02,6.612883e-04,3.143821e-02,7.946281e-03
252,2,2,1,56.13%,3.196980e-02,1.252776e-03,7.869379e-02,3.022729e-04,2.825973e-01,7.515873e-03
253,2,2,1,56.30%,1.551894e-02,2.282451e-04,1.546091e-02,3.608762e-05,8.509141e-02,7.085117e-03
254,2,2,1,56.47%,3.395956e-02,4.002338e-04,1.756206e-02,4.570443e-05,1.826215e-01,6.793515e-03
255,2,2,1,56.64%,4.748503e-02,3.161375e-04,1.653877e-02,6.734022e-05,2.391685e-01,6.195324e-03
256,2,2,1,56.81%,3.999997e-02,1.821759e-04,3.393130e-02,7.333617e-05,2.187484e-01,5.437126e-03
257,2,2,1,56.98%,2.342745e-02,2.668539e-04,1.381074e-02,7.501464e-05,2.585191e-01,4.950073e-03
258,2,2,1,57.14%,1.647264e-02,2.970664e-04,1.099482e-02,7.135452e-04,2.486803e-01,4.232490e-03
259,2,2,1,57.31%,2.036968e-02,1.503562e-04,1.219005e-02,1.893977e-03,2.230421e+00,4.243611e-03
260,2,2,1,57.47%,1.843272e-02,9.558287e-05,9.998527e-03,1.749397e-03,1.170853e+00,1.875845e-03
261,2,2,1,57.63%,2.267875e-02,1.969466e-04,1.523331e-02,1.774178e-03,5.577307e-01,3.889450e-03
262,2,2,1,57.79%,3.256013e-02,6.090916e-04,2.269912e-02,2.508149e-03,2.219639e-01,3.983731e-03
263,2,2,1,57.95%,5.938383e-02,4.384848e-04,3.159652e-02,8.278497e-04,1.605396e-01,3.293477e-03
264,2,2,1,58.11%,3.271288e-02,3.388191e-04,1.456016e-02,1.712255e-03,3.520235e-01,2.482397e-03
265,2,2,1,58.27%,2.119616e-02,5.902446e-04,2.917629e-02,2.655967e-03,5.110702e-01,2.192888e-03
266,2,2,1,58.43%,1.539179e-02,8.457901e-04,3.639474e-02,7.780238e-04,9.414253e-01,1.652141e-03
267,2,2,1,58.58%,1.731780e-02,9.491902e-04,3.525134e-02,2.830278e-04,8.568381e-02,2.281088e-03
268,2,2,1,58.74%,2.497326e-02,1.078010e-03,4.560142e-02,2.217519e-04,5.254605e-02,2.474863e-03
269,2,2,1,58.89%,2.338484e-02,1.404274e-03,4.266231e-02,1.485496e-04,1.082614e-01,1.662879e-03
270,2,2,1,59.04%,2.110377e-02,1.623425e-03,6.544952e-02,9.463208e-05,7.497676e-01,1.860873e-03
271,2,2,1,59.19%,2.470852e-02,1.640340e-03,1.317963e-02,4.174397e-05,3.019427e-01,4.175444e-04
272,1,2,0,58.97%,4.709920e-02,1.983037e-03,3.444220e-02,3.077307e-05,1.957072e-01,1.243549e-03
273,0,2,0,58.76%,1.361763e+00,3.249468e-03,1.933593e-02,4.190093e-05,2.507135e-02,1.430755e-03
274,0,2,0,58.55%,1.984875e-01,1.158890e-02,2.688532e-02,1.540818e-03,2.657872e-02,1.194637e-03
275,0,2,0,58.33%,2.630379e+00,1.658046e-02,2.389686e-02,2.804928e-03,2.135073e-02,1.135545e-03
276,0,2,0,58.12%,6.954923e-01,1.383664e-02,3.664484e-02,2.787097e-03,4.256139e-02,7.200162e-04
277,0,2,0,57.91%,2.423424e-01,1.588501e-02,4.260521e-01,3.083541e-03,3.598342e-02,6.478126e-04
278,0,2,0,57.71%,4.785828e-01,1.559996e-02,2.002284e-02,3.222032e-03,2.783637e-02,1.157222e-03
279,0,2,0,57.50%,5.274244e-01,1.315012e-02,4.939912e-02,2.318741e-03,5.001160e-02,1.344200e-03
280,0,2,0,57.30%,4.712810e-01,1.325982e-02,2.470138e-02,6.351181e-04,2.902614e-02,1.640617e-03
281,0,2,0,57.09%,6.845707e-01,1.398481e-02,1.995852e-02,4.662832e-04,1.783766e-02,2.100084e-03
282,0,2,0,56.89%,7.733743e-01,1.338202e-02,1.447321e-02,3.104253e-04,2.635498e-02,2.420941e-03
283,0,1,0,56.69%,6.010999e-01,1.072504e-02,2.248978e-02,1.875331e-04,2.094890e-02,3.206023e-03
284,0,1,0,56.49%,1.039165e+00,1.114164e-02,1.205145e-02,2.871482e-04,6.679665e-02,2.659567e-03
285,0,1,0,56.29%,7.018452e-01,9.700273e-03,1.039695e-02,1.513859e-04,1.125140e-02,3.973273e-03
286,0,1,0,56.10%,3.927142e-01,9.867067e-03,1.084696e-02,2.467451e-04,9.332629e-02,3.352322e-03
287,0,1,0,55.90%,1.479204e-01,1.060419e-02,1.366545e-02,3.237591e-04,2.277884e-02,2.388071e-03
288,0,1,0,55.71%,2.123845e-01,1.740659e-02,1.785308e-02,5.967845e-04,2.877932e-02,2.399075e-03
289,0,1,0,55.52%,3.551067e-01,1.809741e-02,1.324597e-02,1.913697e-03,6.281868e-02,2.504155e-03
290,1,1,1,55.67%,1.306278e-01,1.643047e-02,1.384116e-02,3.089451e-03,5.681218e-02,2.053829e-03
291,1,1,1,55.82%,7.789203e-02,1.521716e-02,1.394374e-02,3.284062e-03,5.412991e-02,1.970366e-03
292,1,1,1,55.97%,9.002536e-02,1.794788e-02,9.095941e-02,3.386155e-03,2.366369e-02,2.862111e-03
293,1,1,1,56.12%,2.086166e-01,1.807625e-02,3.081407e-02,3.467501e-03,2.183089e-02,1.515007e-03
294,1,1,1,56.27%,7.657261e-02,1.702698e-02,6.114831e-02,3.241802e-03,3.191472e-02,3.400023e-03
295,1,1,1,56.42%,3.110457e-01,1.505274e-02,2.193614e-02,2.525367e-03,4.211060e-02,2.291630e-03
296,1,1,1,56.57%,3.680976e-02,1.718989e-02,1.020733e-02,2.697198e-03,2.779584e-02,1.591265e-03
297,1,1,1,56.71%,1.653858e-01,1.953323e-02,3.515611e-02,4.067638e-03,1.735911e-02,1.211512e-03
298,1,1,1,56.86%,1.348148e+00,1.585989e-02,1.410543e-02,5.249321e-03,3.503769e-02,1.384724e-03
299,1,1,1,57.00%,6.744372e-02,1.081646e-02,5.035227e-02,7.035541e-03,1.862172e-02,9.806849e-04
300,1,1,1,57.14%,5.911818e-02,9.799199e-03,5.067617e-02,9.302503e-03,1.573791e-02,7.048855e-05
301,1,1,1,57.28%,5.021163e-02,6.218434e-03,1.989265e-02,1.296888e-02,1.057363e-02,2.501489e-05
302,1,1,1,57.43%,4.072732e-02,4.605266e-04,2.629837e-01,1.502130e-02,1.291046e-02,7.686825e-06
303,1,1,1,57.57%,2.311700e-02,7.959475e-04,1.086099e+00,1.315660e-02,4.892492e-02,1.747868e-05
304,1,1,1,57.70%,2.434016e-02,2.650681e-04,4.836574e-01,1.060234e-02,2.334719e-02,1.142698e-05
305,1,1,1,57.84%,2.028727e-02,2.056928e-04,5.303228e-01,1.048516e-02,1.320289e-02,1.773490e-05
306,1,1,1,57.98%,2.375791e-02,5.655686e-04,5.024825e-01,1.156053e-02,1.934858e-02,9.791313e-06
307,1,1,1,58.12%,2.510479e-02,1.029812e-03,8.057650e-01,1.221798e-02,1.811715e-02,8.605411e-06
308,1,1,1,58.25%,2.350813e-02,2.346895e-03,2.030768e+00,1.457659e-02,9.531832e-03,5.308400e-06
309,1,1,1,58.39%,3.023517e-02,6.706506e-03,1.943469e-01,1.800498e-02,8.231089e-03,2.565057e-06
310,1,1,1,58.52%,7.697749e-02,7.829702e-03,5.501586e-01,1.729961e-02,9.433306e-03,9.768459e-07
311,1,1,1,58.65%,4.322078e-02,8.105413e-03,4.223192e-01,1.392323e-02,7.825206e-03,1.262670e-06
312,1,1,1,58.79%,6.379242e-02,1.098655e-02,3.398129e-01,1.848042e-02,1.054791e-02,6.158478e-07
313,1,1,1,58.92%,1.721327e-01,9.715633e-03,2.165308e-01,1.912980e-02,1.144231e-02,3.277327e-06
314,1,1,1,59.05%,9.346958e-02,7.105251e-03,2.894328e-01,1.760975e-02,1.066331e-02,8.314555e-07
315,1,1,1,59.18%,4.670949e-02,4.661872e-03,1.452810e-01,1.732777e-02,1.451373e-02,8.191506e-07
316,1,1,1,59.31%,2.236107e-02,3.174052e-03,7.361763e-02,1.563933e-02,7.696847e-03,6.525871e-07
317,1,1,1,59.43%,4.053620e-02,2.162198e-03,2.497269e-01,1.398886e-02,1.038767e-02,4.147145e-07
318,1,1,1,59.56%,3.447378e-02,7.647112e-04,1.722797e-01,1.078607e-02,9.208083e-03,1.201524e-06
319,1,1,1,59.69%,2.823341e-02,2.098300e-03,5.481082e-01,1.141222e-02,8.326069e-03,6.575898e-07
320,1,1,1,59.81%,3.953620e-02,7.216185e-04,3.159753e-01,9.310295e-03,8.912035e-03,6.024788e-07
321,1,1,1,59.94%,2.580038e-02,1.848377e-04,7.652590e+00,9.663845e-03,8.445750e-03,3.731943e-07
322,1,1,1,60.06%,2.789683e-02,4.704648e-05,5.365663e-01,9.410651e-03,8.224345e-03,2.200079e-07
323,1,1,1,60.19%,2.085380e-02,1.336366e-04,5.048700e-01,7.675792e-03,8.279149e-03,5.438244e-07
324,1,1,1,60.31%,1.941101e-02,1.311253e-04,7.348379e-01,7.782481e-03,7.943639e-03,3.987366e-07
325,1,1,1,60.43%,2.004280e-02,6.602110e-05,8.351439e-01,4.976695e-03,8.058688e-03,6.887420e-07
326,1,1,1,60.55%,1.844824e-02,6.324092e-05,3.688545e-01,5.938807e-03,8.140091e-03,1.387974e-07
327,1,1,1,60.67%,1.476242e-02,1.124934e-04,1.616277e+00,4.493540e-03,7.181057e-03,2.032507e-07
328,1,1,1,60.79%,2.055247e-02,1.281744e-04,1.859231e-01,4.109581e-03,8.798556e-03,8.299403e-07
329,1,1,1,60.91%,1.850616e-02,6.146890e-05,2.957226e-01,3.153537e-03,7.876928e-03,3.212155e-07
330,1,1,1,61.03%,2.110288e-02,2.142005e-05,7.753849e-01,4.060015e-03,8.070399e-03,1.067432e-07
331,1,1,1,61.14%,2.918220e-02,1.892205e-05,1.087761e+00,4.142073e-03,8.523725e-03,3.767352e-07
332,1,1,1,61.26%,2.174585e-02,6.028068e-06,3.768577e-01,4.223160e-03,8.135933e-03,2.566065e-07
333,1,1,1,61.38%,1.989093e-02,3.617615e-06,1.306152e+00,3.402123e-03,8.011048e-03,4.455624e-07
334,1,1,1,61.49%,2.060059e-02,4.273274e-06,8.076395e-01,3.210134e-03,8.157637e-03,2.635527e-07
335,1,1,1,61.61%,2.346697e-02,2.393524e-06,3.011994e-01,3.461093e-03,8.467087e-03,2.384108e-07
336,1,1,1,61.72%,3.322915e-02,5.957321e-07,1.207980e-01,3.821125e-03,8.992222e-03,2.014604e-07
337,1,1,1,61.83%,2.393637e-02,1.011429e-06,2.004767e-01,4.426789e-03,8.571374e-03,3.082033e-07
338,1,1,1,61.95%,2.131757e-02,1.010605e-06,1.177340e+00,3.418116e-03,8.250193e-03,2.924111e-07
339,1,1,1,62.06%,2.118447e-02,6.766515e-07,1.317468e+00,3.298163e-03,8.182967e-03,4.474575e-07
340,1,1,1,62.17%,2.182393e-02,9.423182e-07,5.276399e-01,1.517483e-03,8.258184e-03,3.159644e-07
341,1,1,1,62.28%,2.017943e-02,1.182913e-06,1.631081e-01,1.627537e-04,8.164719e-03,2.290330e-07
342,1,1,1,62.39%,2.249110e-02,2.214219e-06,4.260804e-02,1.095237e-04,8.818867e-03,2.666589e-07
343,1,1,1,62.50%,1.364909e-02,7.165527e-04,2.099780e-02,1.252081e-04,8.258109e-03,4.703110e-07
344,0,1,0,62.32%,4.513720e-02,3.794497e-04,1.596383e-02,1.831416e-04,1.443239e-02,2.561301e-07
345,0,1,0,62.14%,3.519174e-02,1.104515e-04,1.777948e-02,1.176852e-04,1.342779e-02,2.483490e-07
346,0,1,0,61.96%,9.841171e-03,1.065705e-03,9.296131e-03,1.527092e-04,6.533753e-03,2.457051e-07
347,0,1,0,61.78%,1.625281e+00,4.732889e-03,2.131430e-02,1.759579e-04,1.658591e-02,2.162217e-07
348,0,1,0,61.60%,1.119452e+00,1.063679e-02,2.161402e-02,1.239221e-04,1.686528e-02,1.767655e-07
349,0,1,0,61.43%,3.397323e+00,1.856682e-02,2.144716e-02,9.153578e-05,1.827028e-02,8.373697e-08
350,0,1,0,61.25%,7.950182e+00,1.573309e-02,1.990669e-02,7.656332e-05,1.952594e-02,8.071369e-08
351,0,1,0,61.08%,4.377934e+00,8.457629e-03,1.984200e-02,8.284005e-05,1.959730e-02,9.776479e-08
352,0,1,0,60.91%,6.402740e+00,8.806011e-03,2.099186e-02,4.271483e-05,1.839645e-02,1.841528e-07
353,0,1,0,60.73%,8.694979e+00,1.014323e-02,2.001749e-02,6.276590e-05,1.928747e-02,1.048262e-07
354,0,1,0,60.56%,7.412660e+00,1.085901e-02,1.994734e-02,3.012658e-05,1.961772e-02,1.184194e-07
355,0,1,0,60.39%,1.073378e+01,1.072066e-02,2.018251e-02,2.120156e-05,1.941193e-02,1.136056e-07
356,0,1,0,60.22%,9.301061e+00,8.807184e-03,2.036126e-02,1.191977e-05,1.913997e-02,1.289778e-07
357,0,1,0,60.06%,6.136811e+00,8.567793e-03,1.962000e-02,7.722173e-06,1.971598e-02,1.511017e-07
358,0,1,0,59.89%,6.100033e+00,1.161648e-02,2.007964e-02,2.395363e-06,1.916534e-02,1.510132e-07
359,0,1,0,59.72%,1.458770e+01,8.850940e-03,1.990424e-02,1.746845e-06,1.969494e-02,2.641277e-07
360,0,1,0,59.56%,8.872747e+00,8.527909e-03,1.967154e-02,1.548543e-06,1.943666e-02,1.147044e-07
361,0,1,0,59.39%,4.690553e+00,8.768973e-03,2.020095e-02,7.675690e-07,1.928500e-02,1.666720e-07
362,0,1,0,59.23%,1.101177e+01,1.243732e-02,1.987523e-02,2.464020e-06,1.970369e-02,1.421982e-07
363,0,1,0,59.07%,1.410068e+01,8.242078e-03,1.969192e-02,4.022090e-05,1.986772e-02,1.224379e-07
364,0,1,0,58.90%,2.909835e+00,8.582984e-03,2.124128e-02,3.847470e-05,1.833134e-02,9.254567e-08
365,0,1,0,58.74%,2.304000e+00,9.131143e-03,2.182710e-02,5.227741e-04,1.980525e-02,1.637145e-07
366,0,1,0,58.58%,8.642026e-01,1.125159e-02,2.535349e-02,5.392684e-03,1.710349e-02,1.056154e-07
367,0,1,0,58.42%,2.669016e-01,9.362518e-03,1.487963e-02,5.415359e-03,1.178511e-02,1.716782e-07
368,0,1,0,58.27%,4.836430e-01,1.049435e-02,8.867501e-02,5.277114e-03,1.221237e-02,9.770266e-08
369,0,1,0,58.11%,7.748979e-01,9.287264e-03,3.264925e-02,6.259155e-03,1.581039e-02,4.204795e-08
370,0,1,0,57.95%,2.653765e+00,1.455263e-02,4.233621e-02,5.565880e-03,1.362863e-02,1.108461e-07
371,1,1,1,58.06%,5.977663e+00,9.667553e-03,1.990826e-02,4.889789e-03,1.379279e-02,4.006606e-08
372,1,1,1,58.18%,3.199846e+00,8.719181e-03,9.262017e-02,6.056397e-03,1.611299e-02,8.285691e-08
373,1,1,1,58.29%,2.902755e+00,9.602367e-03,6.077019e-02,5.288224e-03,1.197255e-02,1.937390e-07
374,1,1,1,58.40%,1.675979e+00,1.187851e-02,2.301581e-01,5.250052e-03,1.320263e-02,1.362131e-07
375,1,1,1,58.51%,1.789935e+00,1.067363e-02,1.708742e-02,4.181017e-03,1.262817e-02,1.216305e-07
376,1,1,1,58.62%,3.419772e+00,1.026290e-02,5.432115e-02,2.647050e-03,2.258543e-02,1.048279e-07
377,1,1,1,58.73%,2.219531e+00,1.091455e-02,6.090170e-01,5.452151e-03,1.426808e-02,1.371428e-07
378,1,1,1,58.84%,2.275290e+00,8.043458e-03,3.379771e-02,6.213914e-03,1.105586e-02,3.178471e-07
379,1,1,1,58.95%,1.606203e+00,7.695275e-03,3.399452e-01,5.167144e-03,1.293249e-02,9.285208e-08
380,1,1,1,59.06%,2.402705e+00,1.048607e-02,2.281696e-02,4.821406e-03,1.501970e-02,9.515318e-08
381,1,1,1,59.16%,4.622064e+00,8.508901e-03,5.911235e-02,4.941382e-03,2.289210e-02,1.247066e-07
382,1,1,1,59.27%,3.080270e+00,6.518153e-03,1.505815e-01,2.918089e-03,3.338160e-02,6.703252e-08
383,1,1,1,59.38%,2.138159e+00,5.002932e-03,3.816054e-02,4.139623e-03,1.906316e-02,7.279807e-08
384,1,1,1,59.48%,1.754167e+00,5.099752e-03,1.894401e-02,5.028585e-03,3.330324e-02,1.639098e-07
385,1,1,1,59.59%,1.456324e+00,4.806935e-03,4.028109e-02,4.795749e-03,1.579286e-02,7.096152e-08
386,1,1,1,59.69%,5.362637e-01,4.144145e-03,5.435181e-01,4.069316e-03,5.738571e-02,8.221982e-08
387,1,1,1,59.79%,3.374460e-01,4.595297e-03,3.163208e-01,2.078971e-03,1.567793e-01,9.933243e-08
388,1,1,1,59.90%,1.526389e-01,5.635397e-03,1.670637e-01,4.643898e-03,5.345184e-02,2.707422e-05
389,1,1,1,60.00%,7.460623e-01,4.258995e-03,3.622601e-02,3.952743e-03,2.242459e-02,9.561926e-04
390,1,1,1,60.10%,2.255706e-01,3.860224e-03,3.956872e-02,3.165171e-03,2.173569e-02,1.488717e-03
391,1,1,1,60.20%,9.678308e-02,3.784448e-03,2.975257e-02,2.722642e-03,2.381763e-02,1.843625e-03
392,1,1,1,60.31%,8.131191e-02,4.091349e-03,9.677816e-02,1.272872e-03,4.305020e-02,2.547805e-03
393,1,1,1,60.41%,7.324482e-01,4.281792e-03,2.947461e-02,2.360715e-03,2.492796e-02,2.153756e-03
394,1,1,1,60.51%,5.622838e-01,4.738667e-03,1.368665e-02,2.711686e-03,4.941573e-02,2.339387e-03
395,1,1,1,60.61%,4.527227e-01,6.324259e-03,2.053616e-02,3.465839e-03,2.694796e-02,2.177311e-03
396,1,1,1,60.71%,7.561143e-02,3.400766e-03,3.635988e-02,1.212116e-03,1.537890e-02,1.522578e-03
397,1,1,1,60.80%,3.658344e-02,2.206663e-03,9.308186e-02,2.925416e-03,8.241557e-02,8.124290e-05
398,1,1,1,60.90%,5.013652e-01,1.612278e-03,1.992149e-02,4.084087e-03,3.677060e-02,2.749024e-05
399,1,1,1,61.00%,7.223321e-02,1.751099e-03,8.964908e-02,4.683316e-03,1.608299e-02,1.354715e-05
400,1,1,1,61.10%,4.023768e-02,1.995865e-03,2.183449e-01,2.097593e-03,1.673549e-02,5.431486e-06
401,1,1,1,61.19%,3.347797e-02,2.301103e-03,6.297204e-01,2.787154e-03,1.327468e-02,3.448645e-06
402,1,1,1,61.29%,2.206403e-01,2.824908e-03,3.668790e-02,3.525428e-03,1.571471e-02,1.337516e-05
403,1,1,1,61.39%,7.207574e-02,2.678861e-03,5.773787e-02,2.274016e-03,1.536735e-02,1.620970e-05
404,1,1,1,61.48%,3.632886e-02,2.235274e-03,1.913967e-01,4.348618e-04,9.597016e-03,3.321478e-06
405,1,1,1,61.58%,8.826484e-02,1.975439e-03,7.174710e-02,1.412520e-03,1.801336e-02,3.950788e-06
406,1,1,1,61.67%,4.317482e-02,1.794347e-03,1.040380e-01,1.238681e-03,1.150406e-02,3.676274e-04
407,1,1,1,61.76%,4.565306e-02,1.766603e-03,6.341800e-02,6.475199e-04,1.467789e-02,4.662572e-04
408,1,1,1,61.86%,2.753571e-02,1.806722e-03,1.045164e-01,3.216733e-04,1.216882e-02,2.252990e-03
409,1,1,1,61.95%,3.848835e-02,1.676155e-03,1.248103e-01,3.294481e-03,1.208583e-02,1.815102e-03
410,1,1,1,62.04%,2.431909e-02,1.488143e-03,5.437586e-02,2.333446e-03,2.029364e-02,1.515435e-03
411,1,1,1,62.14%,2.240952e-02,1.223694e-03,1.009250e-01,4.455198e-03,2.869417e-02,1.680052e-03
412,1,1,1,62.23%,2.139580e-02,9.505816e-04,2.794780e-01,1.393242e-03,1.062314e-02,8.990454e-04
413,1,1,1,62.32%,3.365742e-02,7.674734e-04,1.637745e-01,3.445769e-03,2.436542e-02,6.093065e-04
414,1,1,1,62.41%,1.832673e-02,4.914249e-04,8.699941e-02,5.150102e-03,1.377618e-02,3.188285e-04
415,1,1,1,62.50%,2.237129e-02,1.089576e-03,1.474695e-01,4.149672e-03,1.887476e-02,2.692810e-04
416,1,0,0,62.35%,7.692644e-02,8.830470e-03,4.916197e-02,4.596618e-03,2.788456e-02,1.791127e-04
417,1,0,0,62.20%,2.164211e-01,2.064282e-02,2.506692e-02,4.578673e-03,1.552609e-02,1.189031e-04
418,1,0,0,62.05%,1.676323e-01,2.748623e-02,1.236610e-02,3.359749e-03,6.053507e-02,2.154336e-03
419,0,0,1,62.14%,4.691326e-01,2.450350e-02,2.281974e-02,6.781776e-03,1.430686e-02,5.514497e-03
420,0,1,0,62.00%,3.805133e-01,2.390101e-02,2.894175e-02,6.219990e-03,1.599974e-02,4.518922e-03
421,0,1,0,61.85%,2.200503e-01,2.097220e-02,1.910838e-02,3.974297e-03,1.443868e-02,6.379592e-03
422,0,1,0,61.70%,1.195817e-01,1.989156e-02,1.279506e-02,3.581647e-03,2.946109e-02,9.480445e-03
423,0,1,0,61.56%,7.396289e-01,2.008002e-02,1.573837e-02,3.534400e-03,3.169157e-02,8.310881e-03
424,0,1,0,61.41%,1.203428e+00,2.082135e-02,1.908528e-02,4.040982e-03,2.650392e-02,5.899414e-03
425,0,1,0,61.27%,5.141392e+00,2.424974e-02,1.742566e-02,4.415169e-03,2.370802e-02,4.554237e-03
426,0,1,0,61.12%,2.503280e+00,2.116240e-02,2.094674e-02,4.327845e-03,2.050878e-02,3.689249e-03
427,0,0,1,61.21%,2.834355e+00,1.782147e-02,3.192223e-02,3.827288e-03,1.666626e-02,2.483755e-03
428,0,0,1,61.31%,7.035540e-01,1.714171e-02,1.288437e-02,4.641090e-03,2.012704e-02,2.051366e-03
429,0,1,0,61.16%,1.759536e+00,1.707934e-02,2.689390e-02,6.130119e-03,1.673807e-02,1.288627e-03
430,0,1,0,61.02%,4.731402e-01,1.428169e-02,6.698420e-02,6.926221e-03,1.667682e-02,1.994567e-03
431,0,1,0,60.88%,3.765815e-01,1.337005e-02,5.685003e-01,6.944706e-03,1.141085e-01,9.282943e-04
432,0,1,0,60.74%,7.111237e-01,1.762018e-02,8.910778e-02,6.877749e-03,1.419743e-02,7.412946e-04
433,0,1,0,60.60%,9.693727e-01,1.771091e-02,2.191114e-02,5.762006e-03,2.090603e-02,2.220615e-03
434,0,1,0,60.46%,1.775309e+00,1.516643e-02,4.372861e-02,3.894148e-03,1.667061e-02,1.165193e-03
435,0,1,0,60.32%,1.371132e+00,1.259630e-02,3.920109e-02,2.121409e-03,1.613835e-02,1.456821e-03
436,0,1,0,60.18%,9.370118e-01,9.629865e-03,2.062016e-02,1.102594e-03,3.150256e-02,1.184513e-03
437,0,1,0,60.05%,1.403497e+00,7.252424e-03,2.324725e-02,1.131265e-03,1.972346e-02,5.760838e-04
438,0,1,0,59.91%,1.847409e+00,1.008438e-02,1.932582e-02,1.223176e-03,2.089773e-02,4.618657e-04
439,0,1,0,59.77%,3.323255e+00,7.832730e-03,1.826900e-02,1.224019e-03,2.178268e-02,2.777902e-04
440,0,1,0,59.64%,2.335691e+00,3.723492e-03,2.104738e-02,1.257666e-03,1.995546e-02,8.943693e-05
441,0,1,0,59.50%,6.345487e-01,5.554961e-03,5.526451e-02,8.804392e-04,6.083105e-02,2.031569e-04
442,0,1,0,59.37%,9.679908e-01,1.025860e-03,2.584980e-02,1.050344e-03,2.950654e-02,2.476567e-04
443,0,0,1,59.46%,4.658955e-02,1.150970e-04,1.350797e-01,1.185699e-03,1.562896e-02,3.563138e-04
444,0,0,1,59.55%,2.940149e-02,1.547944e-04,3.300256e-01,7.859932e-04,1.384032e-02,6.179899e-05
445,0,0,1,59.64%,2.939997e-02,1.999663e-04,6.175207e-02,7.688379e-04,1.859925e-02,2.709482e-04
446,0,1,0,59.51%,5.484332e-02,3.208562e-04,3.493412e-02,9.078430e-04,3.701078e-02,1.184417e-03
447,1,1,1,59.60%,2.439913e-02,2.461285e-04,3.264826e-02,1.165164e-03,2.743551e-02,1.230223e-03
448,1,1,1,59.69%,8.302362e-02,2.752806e-04,2.462299e-02,1.123599e-03,3.214943e-02,2.051920e-03
449,1,1,1,59.78%,1.944906e-02,1.120427e-04,2.049767e-02,1.398027e-03,8.713839e-02,2.557452e-03
450,1,1,1,59.87%,1.601734e-02,5.005390e-05,3.062135e-02,2.265802e-03,1.734889e-02,2.138628e-03
451,1,1,1,59.96%,6.676676e-02,3.987386e-05,1.547533e-01,1.748543e-03,2.279507e-02,2.203266e-03
452,1,1,1,60.04%,1.708425e-01,1.499747e-05,6.092242e-02,2.296463e-03,2.807970e-02,2.168751e-03
453,1,1,1,60.13%,7.241450e-02,6.213661e-05,1.517472e-01,2.314359e-03,2.054311e-02,2.013725e-03
454,1,1,1,60.22%,3.288640e-02,2.214133e-05,3.077857e-01,4.943194e-03,3.512623e-02,1.996302e-03
455,1,1,1,60.31%,1.561124e-02,5.188938e-05,3.602785e-01,4.580372e-03,1.238823e-02,1.857262e-03
456,1,1,1,60.39%,1.586574e-02,1.158565e-04,3.123819e-01,5.797350e-03,2.775199e-02,2.258084e-03
457,1,1,1,60.48%,1.006567e-02,3.508272e-05,2.649464e-01,5.699893e-03,1.462057e-02,1.800089e-03
458,1,1,1,60.57%,1.346901e-02,3.575026e-05,4.168112e-01,1.100424e-02,3.037307e-02,1.551093e-03
459,1,1,1,60.65%,2.362379e-02,2.488562e-05,1.991426e+00,8.628595e-03,5.366083e-02,1.838818e-03
460,1,1,1,60.74%,1.442789e-02,1.851056e-05,9.022670e-01,1.069427e-02,1.936886e-02,1.975283e-03
461,1,1,1,60.82%,3.917498e-02,1.095410e-05,3.417902e-01,1.572828e-02,4.079319e-02,2.075081e-03
462,1,1,1,60.91%,2.554986e-02,1.677618e-05,2.057021e+00,1.507655e-02,6.796995e-02,2.856272e-03
463,1,1,1,60.99%,1.272813e-02,1.412676e-05,5.616497e+00,1.691606e-02,6.952357e-02,2.124684e-03
464,1,1,1,61.08%,3.617895e-02,9.583719e-06,1.846649e+00,1.564428e-02,1.527670e-02,2.616639e-03
465,1,1,1,61.16%,1.842527e-02,5.297773e-06,4.499425e-01,2.281108e-02,2.849624e-02,4.949788e-03
466,1,1,1,61.24%,1.581151e-02,3.731911e-06,1.881758e-01,1.859890e-02,4.982844e-02,8.151731e-03
467,1,1,1,61.32%,1.136418e-02,5.754749e-06,1.526320e-01,1.391981e-02,6.860133e-02,5.222627e-03
468,1,1,1,61.41%,7.186043e-02,2.735832e-06,7.409645e-02,1.449786e-03,1.329202e-01,8.307643e-03
469,1,1,1,61.49%,2.233764e-02,1.763080e-06,3.790253e-02,3.062396e-04,9.808683e-01,5.230207e-03
470,1,1,1,61.57%,3.228315e-02,1.650913e-06,5.816079e-02,2.311811e-04,4.245837e-01,5.950429e-03
471,1,1,1,61.65%,2.281050e-02,2.529732e-06,5.065560e-02,2.574932e-04,6.577130e-01,4.738617e-03
472,1,1,1,61.73%,1.977284e-02,1.923523e-06,1.296277e-01,2.271086e-04,2.652259e-01,7.059036e-03
473,1,1,1,61.81%,2.443515e-02,1.477001e-06,7.572518e-02,2.971582e-04,9.793186e-01,4.304553e-03
474,1,1,1,61.89%,9.772614e-02,1.817924e-06,1.097384e-01,1.476101e-04,2.428810e-01,6.530215e-03
475,1,1,1,61.97%,2.869812e-02,1.960345e-06,6.277727e-02,1.172962e-04,4.939575e-01,4.138591e-03
476,1,1,1,62.05%,3.000163e-02,9.555757e-07,8.946024e-02,1.971625e-04,2.110246e-01,3.257051e-03
477,1,1,1,62.13%,1.412225e-02,6.560480e-07,3.684379e-02,2.178791e-04,1.080821e-01,6.944187e-04
478,1,1,1,62.21%,2.866971e-02,1.264575e-06,3.640568e-02,1.304399e-04,3.548530e-02,9.714413e-05
479,1,1,1,62.29%,2.051708e-02,7.494226e-07,6.775694e-02,1.225954e-04,1.252153e-02,3.518380e-05
480,1,1,1,62.37%,1.464939e-02,5.857479e-07,4.115617e-02,1.643200e-04,2.601549e-02,1.556951e-04
481,1,1,1,62.45%,1.718169e-01,7.480427e-07,5.387007e-02,9.689010e-05,2.492988e-02,5.405808e-05
482,1,1,1,62.53%,7.433630e-02,1.304030e-06,3.527579e-02,8.904321e-05,1.474377e-02,2.462862e-05
483,1,1,1,62.60%,1.071038e-02,5.382144e-07,2.439160e-02,7.830242e-05,1.728124e-02,5.057817e-05
484,1,1,1,62.68%,1.996649e-02,6.334635e-07,2.598903e-02,5.771194e-05,2.433941e-02,1.858863e-05
485,1,1,1,62.76%,5.107663e-02,4.845834e-07,3.381322e-02,1.094367e-04,1.968289e-02,4.645762e-05
486,1,1,1,62.83%,4.433250e-02,5.092637e-07,4.159694e-02,1.263112e-04,1.255365e-02,6.368291e-05
487,1,1,1,62.91%,2.613974e-02,4.831189e-07,6.088901e-02,1.902423e-04,1.246854e-02,2.351111e-05
488,1,1,1,62.99%,5.281104e-02,5.015917e-07,7.334876e-02,4.403020e-04,1.499346e-02,2.104421e-05
489,1,1,1,63.06%,2.608561e-02,3.162477e-07,7.378831e-02,7.622314e-04,1.013739e-02,8.249042e-06
490,1,1,1,63.14%,3.422025e-02,5.537139e-07,1.052905e-01,1.683877e-03,1.363569e-02,5.670239e-06
491,1,1,1,63.21%,2.116593e-02,3.589866e-07,7.104854e-01,4.720415e-03,8.385909e-03,1.032252e-05
492,1,1,1,63.29%,2.212424e-02,3.667836e-07,1.022765e+00,6.456359e-03,6.751415e-02,4.385396e-04
493,1,1,1,63.36%,1.838984e-02,5.253826e-07,1.938078e-01,1.117980e-02,1.151963e-02,3.457541e-05
494,1,1,1,63.43%,2.061644e-02,5.945855e-07,2.861402e-01,2.474312e-02,1.073447e-02,8.052908e-05
495,1,1,1,63.51%,2.028879e-02,3.718336e-07,2.322719e+00,2.624869e-02,1.568394e-02,6.058653e-04
496,1,1,1,63.58%,3.429093e-02,4.829134e-07,5.545406e-01,3.313199e-02,2.407045e-02,2.037572e-03
497,1,1,1,63.65%,1.708653e-02,7.174439e-07,5.682031e-01,4.756722e-02,1.140471e-02,2.294185e-03
498,1,1,1,63.73%,1.870808e-02,1.505268e-06,1.062126e+00,3.434239e-02,1.680221e-02,3.232976e-03
499,1,1,1,63.80%,1.804664e-02,9.600511e-06,5.833937e-01,3.010730e-02,1.232549e-02,1.303674e-03
500,1,1,1,63.87%,1.627680e-02,1.031470e-05,1.483151e+00,3.324182e-02,1.895542e-02,1.248324e-03
501,1,1,1,63.94%,1.837079e-02,6.820685e-06,1.059429e+00,2.247886e-02,1.740614e-02,4.397218e-03
502,1,1,1,64.02%,1.799759e-02,3.248882e-06,6.301692e-01,1.699578e-02,9.399454e-03,4.201633e-03
503,1,1,1,64.09%,1.781757e-02,2.022370e-06,1.982390e+00,1.875724e-02,1.513116e-02,6.471200e-03
504,1,1,1,64.16%,1.882031e-02,7.390053e-07,1.921820e+00,1.524857e-02,9.995730e-03,5.715112e-03
505,1,1,1,64.23%,1.670158e-02,3.667188e-07,5.010858e-01,1.719266e-02,1.223813e-02,4.946149e-03
506,1,1,1,64.30%,1.893597e-02,2.668732e-07,1.011898e+00,1.733169e-02,9.966372e-03,3.262053e-03
507,1,1,1,64.37%,1.850664e-02,2.465871e-07,1.097464e+00,1.116539e-02,9.452479e-03,2.520389e-04
508,1,1,1,64.44%,2.046273e-02,1.843664e-07,5.865321e-01,1.128758e-02,9.495738e-03,8.584886e-05
509,1,1,1,64.51%,1.920589e-02,2.230372e-07,1.350329e+00,5.425458e-03,9.313747e-03,8.680995e-05
510,1,1,1,64.58%,1.660128e-02,1.178119e-07,4.710022e-01,2.782733e-03,9.639176e-03,1.109164e-04
511,1,1,1,64.65%,1.947578e-02,7.020613e-08,5.251257e-01,1.347771e-03,9.811980e-03,2.346866e-05
512,1,1,1,64.72%,2.204214e-02,1.408390e-07,4.684238e-01,3.547399e-04,8.766489e-03,7.343662e-06
513,1,1,1,64.79%,2.438112e-02,1.776668e-07,2.644172e-01,1.384310e-04,9.338689e-03,5.811343e-06
514,1,1,1,64.85%,1.836963e-02,7.999095e-08,5.324645e-02,6.256324e-05,9.278005e-03,6.261141e-06
515,1,1,1,64.92%,1.395611e-02,2.366125e-07,5.306354e-02,1.032694e-04,2.348442e-02,3.686157e-04
516,1,1,1,64.99%,9.334676e-03,1.794586e-07,1.083593e-01,1.828125e-04,4.892901e-02,1.182758e-04
517,1,1,1,65.06%,1.462799e-02,5.774518e-08,1.002343e-01,1.056500e-04,1.049384e-02,6.417403e-05
518,1,1,1,65.13%,1.698888e-02,1.409614e-07,5.944935e-02,5.974606e-05,1.442052e-02,1.844556e-05
519,1,1,1,65.19%,1.448132e-02,1.672823e-07,4.381150e-02,2.677258e-05,1.368859e-02,7.975429e-06
520,1,1,1,65.26%,1.393341e-02,1.331934e-07,3.483643e-02,3.879326e-05,9.596984e-03,4.252209e-06
521,1,1,1,65.33%,1.467017e-02,1.369385e-07,5.140048e-02,3.589823e-05,8.706549e-03,3.424083e-06
522,1,1,1,65.39%,9.889064e-03,7.257530e-08,2.997334e-02,2.332684e-05,7.288215e-03,3.626304e-06
523,1,1,1,65.46%,1.010098e-02,1.766555e-07,2.288711e-02,1.698098e-05,7.689825e-03,2.702260e-06
524,1,1,1,65.52%,7.298012e-03,1.396221e-07,2.887580e-02,1.825547e-05,6.451762e-03,3.074059e-06
525,1,2,0,65.40%,8.986567e-03,1.762382e-07,2.530458e-02,2.337159e-05,7.480876e-03,3.895643e-06
526,1,2,0,65.28%,1.028194e-02,1.687986e-07,2.557444e-02,1.171918e-05,1.166701e-02,2.752324e-04
527,1,2,0,65.15%,2.629262e-02,1.831292e-06,1.520117e-02,1.320248e-05,1.947464e-01,1.136400e-03
528,1,2,0,65.03%,2.417417e-02,8.219136e-05,1.135113e-02,1.397732e-05,7.470996e-02,1.976487e-03
529,1,2,0,64.91%,7.726979e-02,1.555646e-04,8.537217e-03,1.769077e-05,1.514663e-01,4.934223e-03
530,1,2,0,64.78%,3.419751e-02,1.095572e-02,1.090881e-02,9.551621e-06,3.514310e-01,7.205895e-03
531,1,2,0,64.66%,1.342815e+00,1.039971e-02,1.265553e-02,1.323089e-05,1.332537e-01,8.348237e-03
532,1,2,0,64.54%,5.872314e-01,1.614873e-02,1.274298e-02,1.491563e-05,2.143584e-02,6.837313e-03
533,1,2,0,64.42%,1.959789e+00,2.288672e-02,1.187486e-02,1.173871e-05,1.624942e+00,5.923746e-03
534,0,2,0,64.30%,8.385871e-01,2.103426e-02,2.247134e-02,5.336196e-06,2.439292e-02,4.759001e-03
535,0,2,0,64.18%,7.377751e-01,1.750847e-02,1.427279e-02,3.750291e-06,1.351485e-02,4.359814e-03
536,0,2,0,64.06%,3.559199e-01,1.163984e-02,1.298020e-02,1.293600e-06,6.394451e-02,2.821793e-03
537,0,2,0,63.94%,2.945160e-01,8.491449e-03,1.903879e-02,1.034713e-06,2.223373e-02,8.838956e-04
538,0,2,0,63.82%,1.968007e+00,4.478014e-03,2.281961e-02,4.689697e-06,1.623460e-02,2.846346e-04
539,0,2,0,63.70%,1.143966e+00,6.248601e-04,2.141160e-02,4.920403e-06,1.841441e-02,2.480525e-05
540,0,2,0,63.59%,1.685335e-01,2.295509e-04,1.872281e-02,3.843729e-06,1.827278e-02,2.534541e-05
541,0,2,0,63.47%,1.152898e-01,3.709023e-04,1.850910e-02,3.166750e-06,2.411407e-02,3.084629e-05
542,0,2,0,63.35%,1.156624e-01,2.153968e-04,1.757204e-02,7.319611e-06,2.046755e-02,2.213796e-05
543,0,2,0,63.24%,7.250260e-02,1.587677e-04,1.628498e-02,3.955763e-06,2.458617e-02,2.929102e-05
544,0,2,0,63.12%,5.311999e-02,1.246094e-04,1.446437e-02,5.459359e-06,2.720696e-02,3.120024e-05
545,0,1,0,63.00%,7.503238e-02,6.067706e-05,1.322100e-02,4.011178e-04,3.325406e-02,6.605119e-05
546,1,1,1,63.07%,2.833027e-02,9.578701e-05,3.112208e-01,2.424144e-03,1.618212e-02,5.532587e-05
547,1,1,1,63.14%,5.946880e-02,9.433406e-05,9.297969e-02,2.024107e-03,1.361937e-02,6.945658e-05
548,1,1,1,63.21%,6.180300e-02,5.976980e-05,3.668462e-02,2.459203e-03,1.618746e-02,8.047278e-05
549,1,1,1,63.27%,5.810629e-02,8.276172e-05,4.217394e-01,2.317221e-03,1.281503e-02,2.655242e-05
550,1,1,1,63.34%,3.271762e-02,2.477880e-05,3.122787e-01,2.424081e-03,1.165114e-02,2.498574e-05
551,1,1,1,63.41%,5.153573e-02,7.672123e-05,3.846021e-02,2.665846e-03,1.114523e-02,3.485280e-04
552,1,1,1,63.47%,8.494874e-02,1.620119e-04,1.899915e-02,3.979473e-03,4.305484e-02,1.815470e-03
553,1,1,1,63.54%,1.597246e-01,8.294974e-05,4.701999e-02,9.834374e-03,2.740245e-02,6.514805e-03
554,1,1,1,63.60%,1.258754e-01,3.019832e-05,1.428380e-01,8.352486e-03,5.872649e-02,7.464576e-03
555,1,1,1,63.67%,1.204034e-02,3.284126e-05,4.599133e-02,1.059738e-02,3.192989e-02,7.484707e-03
556,1,1,1,63.73%,2.817627e-02,1.915421e-04,2.918934e-01,1.441713e-02,4.957873e-02,6.864601e-03
557,1,1,1,63.80%,1.320863e-02,8.827049e-04,7.746682e-01,1.063544e-02,3.003960e-02,6.704225e-03
558,1,1,1,63.86%,4.047660e-01,9.607042e-04,6.359652e-02,1.092679e-02,2.486003e-02,8.411877e-03
559,1,1,1,63.93%,2.667092e-02,9.691551e-04,1.845946e-01,1.752790e-02,4.217598e-02,8.167773e-03
560,1,1,1,63.99%,1.664870e-02,1.806205e-03,1.348637e-01,1.238858e-02,3.971401e-02,7.393929e-03
561,1,1,1,64.06%,1.928804e-02,1.542693e-03,2.078849e-01,1.256322e-02,3.195074e-02,7.304311e-03
562,1,1,1,64.12%,7.257431e-02,1.588193e-03,2.655149e-01,1.287825e-02,3.096109e-02,6.996281e-03
563,1,1,1,64.18%,2.421510e-02,2.689783e-03,1.391694e-01,1.786728e-02,2.863598e-02,6.732376e-03
564,1,1,1,64.25%,1.913094e-02,1.962252e-03,1.133144e-01,1.328550e-02,1.392268e-02,5.961875e-03
565,1,1,1,64.31%,9.707096e-02,2.669409e-03,1.043346e-01,1.204029e-02,1.954304e-02,6.563950e-03
566,1,1,1,64.37%,3.883333e-02,1.964978e-03,5.250189e-02,1.700529e-02,3.432149e-02,3.684388e-03
567,1,1,1,64.44%,1.286548e-02,1.738950e-03,7.475039e-02,1.375625e-02,9.418354e-03,2.520713e-03
568,1,1,1,64.50%,6.408910e-02,2.070290e-03,1.451139e-01,1.098515e-02,1.291907e-02,1.410478e-03
569,1,1,1,64.56%,1.280493e-02,2.112827e-03,2.413044e-01,1.120832e-02,8.604436e-03,1.117573e-03
570,1,1,1,64.62%,4.101800e-02,3.967330e-03,2.966698e-01,1.542729e-02,1.457675e-02,8.117277e-04
571,1,1,1,64.69%,6.847444e-02,5.333429e-03,8.445126e-01,8.300976e-03,1.047286e-02,5.205598e-04
572,1,1,1,64.75%,4.127369e-02,1.444180e-02,4.789937e-02,6.282308e-03,9.132518e-03,2.612322e-04
573,1,1,1,64.81%,1.013024e+00,6.537437e-03,5.626035e-02,6.000792e-03,1.201920e-02,2.977213e-04
574,1,1,1,64.87%,2.629301e-01,7.114416e-03,9.605008e-02,8.829265e-03,9.847793e-03,2.190293e-04
575,1,1,1,64.93%,2.107048e-01,5.912152e-03,1.027011e-01,6.210656e-03,1.119008e-02,8.526072e-05
576,1,1,1,64.99%,1.507401e-01,8.769251e-03,1.108327e-01,5.727178e-03,9.428400e-03,6.893418e-05
577,1,1,1,65.05%,5.457775e-02,9.148257e-03,2.712817e-02,7.672890e-03,1.161869e-02,8.811501e-05
578,1,1,1,65.11%,1.009188e-01,7.715332e-03,8.849581e-02,1.174692e-02,9.926043e-03,3.897144e-05
579,1,1,1,65.17%,4.355127e-02,7.767285e-03,5.735509e-01,9.816189e-03,1.071008e-02,7.995941e-05
580,1,1,1,65.23%,2.419620e-02,7.946192e-03,6.802573e-01,8.835961e-03,1.159848e-02,5.884589e-05
581,1,1,1,65.29%,1.747959e-02,1.010855e-02,1.394435e-01,1.033767e-02,8.844899e-03,2.708968e-05
582,1,1,1,65.35%,1.951070e-02,1.035212e-02,4.536909e-01,1.224042e-02,1.035292e-02,1.153219e-05
583,1,1,1,65.41%,2.634415e-02,9.447013e-03,4.190656e-01,9.934185e-03,9.300159e-03,5.115390e-06
584,1,1,1,65.47%,2.972568e-02,8.043831e-03,1.076211e-01,7.753791e-03,1.097875e-02,9.791560e-06
585,1,1,1,65.53%,3.219962e-02,7.342106e-03,2.686435e-01,9.048991e-03,1.269971e-02,9.475621e-06
586,1,1,1,65.59%,3.552913e-02,7.812069e-03,2.941639e-01,9.727627e-03,1.700851e-02,1.337264e-05
587,1,1,1,65.65%,4.553924e-02,8.256303e-03,1.719625e-01,7.223211e-03,1.822322e-02,4.785567e-05
588,1,1,1,65.70%,3.968496e-02,1.123390e-02,4.741093e-01,5.787176e-03,1.143389e-02,5.108061e-04
589,1,1,1,65.76%,4.338787e-02,8.953856e-03,4.327541e-02,5.384962e-03,1.585350e-02,1.855501e-03
590,1,1,1,65.82%,3.334242e-02,5.934359e-03,5.501773e-02,4.038463e-03,2.566196e-02,3.637562e-03
591,1,2,0,65.71%,2.252488e-01,2.712435e-03,1.759933e-02,9.248876e-04,2.439937e-02,8.611163e-03
592,2,2,1,65.77%,2.819489e-02,1.039767e-03,1.183820e-02,9.713391e-04,9.197861e-02,1.334296e-02
593,2,2,1,65.82%,1.851453e-02,5.196083e-04,9.766713e-03,1.198629e-03,1.846113e-01,1.717436e-02
594,2,2,1,65.88%,2.251048e-02,2.436032e-04,9.662044e-03,1.191330e-03,4.323583e-01,9.263323e-03
595,2,2,1,65.94%,6.071858e-02,2.508129e-04,2.000486e-02,1.707767e-03,2.168130e+00,1.233090e-02
596,2,2,1,66.00%,4.447148e-02,3.904678e-04,1.351598e-02,1.436822e-03,8.099075e-01,1.465433e-02
597,2,2,1,66.05%,2.393574e-02,5.552144e-04,1.774691e-02,1.731274e-03,3.336723e-01,1.785160e-02
598,2,2,1,66.11%,1.884757e-02,7.606783e-04,7.969398e-03,1.399954e-03,2.020711e-01,1.584260e-02
599,2,2,1,66.17%,2.530431e-02,1.392841e-03,2.775042e-02,1.267211e-03,2.063669e+00,2.258522e-02
600,2,2,1,66.22%,1.572377e-02,1.349413e-03,1.369494e-02,1.348294e-03,1.831642e+00,1.588654e-02
601,2,2,1,66.28%,1.110670e-01,1.617821e-03,1.262869e-02,6.687703e-04,5.458005e-01,1.156526e-02
602,2,2,1,66.33%,2.575223e-02,1.651496e-03,8.984138e-03,2.357566e-04,7.857423e-01,1.066481e-02
603,2,2,1,66.39%,2.500433e-02,1.774526e-03,1.903471e-02,7.743022e-05,1.717577e+00,3.168779e-03
604,2,2,1,66.45%,4.390409e-02,1.272831e-03,1.163588e-02,1.838205e-05,1.502482e-01,2.243346e-03
605,2,2,1,66.50%,4.165820e-02,3.294943e-03,1.095232e-02,2.380708e-05,1.313822e-01,1.090217e-03
606,2,2,1,66.56%,1.408367e-02,2.996885e-03,8.936048e-03,1.207267e-05,1.372585e-01,6.815500e-04
607,2,2,1,66.61%,2.870254e-02,1.831066e-03,1.039010e-02,6.920909e-06,2.600406e-01,4.374181e-04
608,2,2,1,66.67%,1.879137e-02,3.646273e-03,9.332029e-03,1.172306e-05,2.032944e-01,1.807990e-04
609,2,2,1,66.72%,2.437313e-02,2.054943e-03,1.133610e-02,7.701930e-06,6.859107e-02,5.746330e-05
610,2,2,1,66.78%,1.605102e-02,5.117556e-03,8.974068e-03,1.150592e-04,5.279744e-02,1.479959e-04
611,2,2,1,66.83%,9.165393e-03,1.701922e-03,8.113140e-03,6.947215e-06,7.057810e-02,3.985389e-04
612,2,2,1,66.88%,1.750404e-02,7.310496e-04,1.350098e-02,1.627880e-05,1.340763e-01,1.093404e-03
613,2,2,1,66.94%,2.291230e-02,8.794732e-05,1.057830e-02,1.166192e-05,3.368735e-02,2.173936e-03
614,2,2,1,66.99%,2.810165e-02,3.237174e-05,1.058956e-02,2.206701e-05,1.181817e-01,1.080261e-02
615,2,2,1,67.05%,1.413040e-02,3.051773e-05,1.281648e-02,1.017675e-05,7.842835e-02,5.453316e-03
616,2,2,1,67.10%,1.141404e-02,1.365226e-05,1.041040e-02,1.542056e-05,5.289942e-02,3.797103e-03
617,2,2,1,67.15%,2.788738e-02,1.459659e-05,1.440162e-02,1.140315e-05,6.036499e-02,4.206818e-03
618,2,2,1,67.21%,1.659121e-02,9.877343e-06,1.152554e-02,1.432672e-05,1.909794e-02,7.588230e-03
619,2,2,1,67.26%,1.375571e-02,7.993678e-06,1.042659e-02,1.706453e-05,2.393218e-02,5.611658e-03
620,1,2,0,67.15%,2.010662e-02,8.592401e-06,9.950951e-03,1.571967e-05,4.246438e-02,1.324748e-02
621,1,2,0,67.04%,1.164171e-02,8.040929e-06,9.685832e-03,3.873765e-05,1.915048e-02,4.805126e-02
622,1,2,0,66.93%,1.738984e-02,1.415973e-04,1.539555e-02,1.347164e-05,7.644259e-03,5.248900e-02
623,1,2,0,66.83%,3.665032e-02,3.238967e-04,9.997787e-03,1.562808e-04,1.788541e-02,1.927639e-02
624,1,2,0,66.72%,8.744736e-02,1.625649e-04,3.274757e-02,1.817129e-03,1.179395e-02,7.457955e-03
625,1,2,0,66.61%,2.851076e-02,1.233402e-04,1.874662e-01,3.072549e-03,9.552893e-03,4.169362e-03
626,1,2,0,66.51%,2.751592e-02,4.068893e-05,5.448268e-01,3.210319e-03,1.104253e-02,7.518877e-03
627,1,2,0,66.40%,2.412149e-02,4.717262e-05,4.525313e-01,2.767807e-03,9.925832e-03,1.132914e-02
628,1,2,0,66.30%,2.214856e-02,1.759517e-05,5.652399e-01,4.066688e-03,9.481443e-03,8.701483e-03
629,1,2,0,66.19%,2.469559e-02,7.537036e-05,7.389995e-01,3.834328e-03,1.428285e-02,1.522069e-02
630,1,2,0,66.09%,2.684735e-02,9.608581e-06,1.410236e-01,3.337656e-03,1.163658e-02,1.528283e-02
631,1,1,1,66.14%,1.923720e-02,5.294021e-06,4.001446e-01,6.261718e-03,1.267547e-02,1.441099e-02
632,1,1,1,66.19%,2.219505e-02,4.818961e-06,2.956259e+00,5.197181e-03,2.027550e-02,2.115212e-03
633,1,1,1,66.25%,2.156865e-02,3.435251e-06,2.606917e-01,4.669544e-03,1.365470e-02,6.172709e-03
634,1,1,1,66.30%,1.599694e-02,2.998866e-06,3.672477e-01,7.398142e-03,2.276018e-02,2.315482e-03
635,1,1,1,66.35%,2.203338e-02,2.927013e-06,1.014615e+00,5.785191e-03,2.313091e-02,1.445456e-03
636,1,1,1,66.41%,2.310841e-02,2.435099e-06,4.047973e-01,4.799267e-03,1.448480e-02,2.203675e-04
637,1,1,1,66.46%,1.454028e-02,3.410946e-06,3.858367e-01,5.964749e-03,8.797981e-03,6.582834e-05
638,1,1,1,66.51%,2.108869e-02,3.971886e-06,9.611596e-01,5.570292e-03,1.499098e-02,4.771841e-05
639,1,1,1,66.56%,2.318728e-02,1.106600e-05,5.610410e-01,4.370817e-03,1.286057e-02,2.618907e-04
640,1,1,1,66.61%,2.137384e-02,5.488701e-06,3.283303e-01,4.234796e-03,1.874127e-02,1.204734e-04
641,1,1,1,66.67%,2.148164e-02,2.810228e-06,6.723683e-01,5.108196e-03,1.083919e-02,5.783828e-05
642,1,1,1,66.72%,2.534966e-02,3.244516e-06,1.273455e+00,4.222770e-03,9.740083e-03,6.428333e-05
643,1,1,1,66.77%,2.557149e-02,5.249499e-06,2.071177e-01,2.994946e-03,9.837795e-03,2.487554e-05
644,1,1,1,66.82%,2.534014e-02,4.501359e-05,4.285285e-01,4.194700e-03,1.167263e-02,1.377144e-05
645,1,1,1,66.87%,3.353390e-02,1.080299e-02,1.447705e-01,3.547616e-03,1.038485e-02,1.067517e-05
646,1,1,1,66.92%,1.102944e+00,2.179859e-02,2.189739e-02,2.510210e-03,1.683164e-02,9.486196e-06
647,1,1,1,66.98%,7.978265e-01,1.290334e-02,1.678835e-02,3.175250e-03,2.687184e-02,1.159220e-04
648,1,1,1,67.03%,6.380110e-01,1.490847e-02,2.202416e-02,2.702892e-03,1.612246e-02,5.159938e-04
649,1,1,1,67.08%,4.951332e-01,1.081915e-02,2.244528e-02,2.058684e-03,1.594541e-02,8.542158e-04
650,1,1,1,67.13%,5.512782e-01,1.266981e-02,1.514956e-02,1.537890e-03,3.305787e-02,1.368372e-03
651,1,1,1,67.18%,6.908964e-01,7.881379e-03,1.731289e-02,1.363829e-03,3.121124e-02,1.705132e-03
652,1,2,0,67.08%,5.621546e-01,9.005943e-03,1.424457e-02,5.563743e-04,2.330984e-02,1.559224e-03
653,1,2,0,66.97%,3.898904e+00,5.989034e-03,1.720029e-02,2.503459e-04,2.649861e-02,1.559282e-03
654,1,2,0,66.87%,1.036442e+00,6.750621e-03,1.479862e-02,1.002018e-04,4.794677e-02,1.992927e-03
655,1,2,0,66.77%,2.838406e+00,6.056526e-03,1.665848e-02,4.621050e-05,1.701631e-02,3.977953e-03
656,0,2,0,66.67%,6.189210e-01,8.627156e-03,1.272264e-02,2.943978e-05,4.391065e-02,5.324890e-03
657,0,2,0,66.57%,1.729904e+00,7.502933e-03,1.237412e-02,4.575310e-05,8.249321e-02,5.714860e-03
658,0,2,0,66.46%,8.305802e-01,9.020561e-03,1.472435e-02,2.085047e-05,4.050253e-02,5.152775e-03
659,0,2,0,66.36%,3.330296e+00,5.855698e-03,1.360150e-02,7.753997e-06,4.092572e-02,4.306727e-03
660,0,2,0,66.26%,8.510315e-01,9.695920e-03,1.770277e-02,1.460180e-05,7.013046e-02,3.696907e-03
661,0,2,0,66.16%,2.978681e+00,6.975870e-03,1.701714e-02,2.689151e-06,1.344065e-01,3.465575e-03
662,1,2,0,66.06%,2.232149e+00,7.587686e-03,1.427093e-02,3.222244e-06,5.185676e-02,2.791069e-03
663,1,2,0,65.96%,1.430052e+00,9.104448e-03,6.679322e-02,2.083959e-06,2.169364e-02,3.099895e-03
664,1,2,0,65.86%,5.375542e+00,6.617974e-03,1.680136e-02,3.616853e-06,1.782784e-02,2.480652e-03
665,1,2,0,65.77%,3.221184e+00,8.911056e-03,1.577940e-02,4.545794e-06,2.775341e-02,1.606869e-03
666,1,2,0,65.67%,6.654904e+00,8.946849e-03,1.606849e-02,2.213276e-06,3.099701e-02,7.500925e-04
667,0,1,0,65.57%,7.831468e+00,8.064462e-03,1.734431e-02,2.278809e-04,2.390802e-02,3.925994e-04
668,0,1,0,65.47%,5.022151e+00,1.010761e-02,2.139738e-02,9.129859e-04,1.846473e-02,3.854000e-04
669,0,1,0,65.37%,5.963538e+00,8.711683e-03,1.607231e-02,1.111220e-03,1.715446e-02,3.377832e-04
670,0,1,0,65.28%,3.619972e+00,1.057636e-02,2.222534e-02,8.243012e-04,1.750965e-02,3.986476e-04
671,0,1,0,65.18%,4.275914e+00,1.023311e-02,1.448977e-01,8.822442e-04,1.284812e-02,4.898760e-04
672,0,1,0,65.08%,4.531315e+00,7.757652e-03,6.037396e-02,1.379940e-03,1.633134e-02,8.129122e-04
673,0,1,0,64.99%,1.784046e+00,7.838105e-03,1.795725e-02,7.843655e-04,1.822929e-02,9.383098e-04
674,0,0,1,65.04%,3.212814e+00,8.488548e-03,1.461827e-02,8.001067e-04,2.591711e-02,9.808581e-04
675,0,0,1,65.09%,3.448751e+00,8.730260e-03,1.323183e-02,1.176457e-03,7.571582e-02,9.168059e-04
676,0,0,1,65.14%,2.265941e+00,9.310145e-03,1.651973e-02,9.450775e-04,2.165183e-02,8.364061e-04
677,0,0,1,65.19%,4.048929e+00,1.120567e-02,1.346954e-02,9.594565e-04,1.715317e-02,6.474319e-04
678,0,0,1,65.24%,1.432989e+00,8.511521e-03,1.752349e-02,2.144753e-03,1.684506e-02,7.430281e-04
679,0,0,1,65.29%,3.841299e-01,9.870629e-03,4.741911e-02,7.892842e-04,2.090970e-02,3.564441e-04
680,0,0,1,65.35%,2.192648e-01,5.308449e-03,2.116008e-02,2.701499e-03,1.994909e-02,7.568353e-04
681,0,0,1,65.40%,3.684393e-01,4.480784e-03,1.308355e-02,2.412908e-03,2.125747e-01,7.503520e-04
682,0,0,1,65.45%,7.961278e-02,2.136556e-03,3.572965e-02,1.113037e-03,2.091137e-02,7.190515e-04
683,0,0,1,65.50%,1.868549e-02,2.206526e-03,1.852300e-01,8.625658e-04,4.009364e-02,7.382630e-04
684,0,0,1,65.55%,8.129020e-02,2.116918e-03,1.940987e-02,9.926824e-04,2.642318e-02,7.950421e-04
685,0,1,0,65.45%,4.755146e-02,1.904340e-03,2.298677e-02,1.426753e-03,1.138845e-01,6.184353e-04
686,0,1,0,65.36%,5.470576e-02,2.044712e-03,7.540311e-02,4.360130e-04,1.702431e-02,4.900207e-04
687,0,1,0,65.26%,6.111501e-02,1.368356e-03,1.317198e-02,1.638979e-04,2.603102e-02,4.076269e-04
688,0,1,0,65.17%,6.066151e-01,1.390474e-03,1.664060e-02,4.720120e-04,1.785016e-02,6.570286e-04
689,0,1,0,65.07%,1.418479e-01,1.824305e-03,4.795306e-02,1.755847e-04,1.622432e-02,5.191085e-04
690,0,2,0,64.98%,3.973413e-02,1.086906e-03,6.738318e-02,4.370732e-04,2.623788e-02,5.312646e-04
691,0,2,0,64.88%,4.624231e-02,1.184871e-03,1.826273e-02,1.293799e-04,2.143839e-02,4.194981e-04
692,0,2,0,64.79%,1.062007e-01,3.146095e-03,1.382333e-02,6.160288e-04,3.840192e-02,4.199819e-04
693,0,2,0,64.70%,2.006616e+00,1.171818e-02,2.109510e-02,5.725282e-05,1.913587e-02,3.760715e-04
694,0,2,0,64.60%,3.190564e+00,1.776280e-02,1.805365e-02,6.044537e-05,2.014443e-02,5.770128e-04
695,0,2,0,64.51%,4.921070e+00,1.433950e-02,1.828206e-02,7.389514e-05,2.133880e-02,6.118016e-04
696,0,2,0,64.42%,6.864537e-01,1.070428e-02,2.352318e-02,3.501688e-05,2.281161e-02,1.682904e-03
697,0,2,0,64.33%,5.352635e-01,1.059563e-02,1.735275e-02,5.500577e-05,2.915642e-02,1.595395e-03
698,0,2,0,64.23%,1.285716e-01,8.173788e-03,1.811123e-02,5.550672e-05,2.556411e-02,1.138689e-03
699,0,2,0,64.14%,1.526444e-01,8.897508e-03,1.355339e-02,5.047062e-05,5.991215e-02,8.899856e-04
700,0,2,0,64.05%,4.871723e-01,1.008859e-02,1.994224e-02,5.030940e-05,2.709042e-02,1.538778e-03
701,0,2,0,63.96%,1.632037e+00,9.607234e-03,1.984797e-02,4.633419e-05,2.009184e-02,1.713054e-03
702,0,2,0,63.87%,9.435710e-01,1.057693e-02,2.109186e-02,2.752313e-05,2.658148e-02,1.592152e-03
703,0,2,0,63.78%,3.894972e-01,8.765152e-03,1.358273e-02,1.561790e-05,1.071511e-01,5.129286e-04
704,0,2,0,63.69%,3.622795e-01,9.302139e-03,2.747827e-02,1.504767e-05,7.348450e-02,1.167936e-03
705,2,2,1,63.74%,1.044472e+00,1.112601e-02,2.034206e-02,4.182697e-06,2.072373e-02,1.562568e-03
706,2,2,1,63.79%,4.242549e-01,9.838623e-03,1.544278e-02,9.957799e-07,2.295495e-02,1.672372e-03
707,2,2,1,63.84%,1.507379e-01,7.473311e-03,1.591756e-02,1.494299e-06,9.723356e-02,1.514073e-03
708,2,2,1,63.89%,1.096124e-01,5.775175e-03,1.134249e-02,7.723212e-07,2.683109e-01,5.155575e-04
709,2,2,1,63.94%,2.235733e-01,3.771080e-03,1.344433e-02,3.996131e-05,6.767863e-02,1.988179e-03
710,2,2,1,63.99%,1.335182e+00,3.517910e-03,1.668438e-02,4.765673e-04,2.318837e-02,2.051764e-03
711,2,2,1,64.04%,6.383623e-02,5.053565e-03,1.080558e-02,1.354282e-03,1.080400e-01,2.149464e-03
712,2,2,1,64.10%,2.543207e-02,3.241091e-03,1.548205e-02,1.399217e-03,1.925598e-01,1.339600e-03
713,2,2,1,64.15%,2.898879e-02,2.050292e-03,1.054267e-02,8.268738e-04,2.088529e-01,1.392143e-03
714,2,2,1,64.20%,1.092211e-01,1.560281e-03,1.145479e-02,5.626717e-04,5.169898e-02,2.014102e-03
715,2,2,1,64.25%,2.127379e-01,1.289768e-03,1.786938e-02,7.821334e-04,3.672702e-02,2.036598e-03
716,2,2,1,64.30%,5.756437e-02,9.275548e-04,1.328839e-02,9.080427e-04,8.701384e-02,2.249595e-03
717,2,2,1,64.35%,2.071282e-02,2.681022e-05,8.244443e-03,1.268286e-03,1.428244e+00,1.638376e-03
718,2,2,1,64.39%,2.122208e-02,1.704351e-05,8.017463e-03,1.183197e-03,9.629600e-01,1.534375e-03
719,2,2,1,64.44%,2.067944e-02,5.435147e-05,8.759523e-03,1.599118e-03,1.232634e-01,3.223625e-03
720,2,2,1,64.49%,2.429247e-02,1.119416e-04,9.862975e-03,3.972090e-03,1.649444e-01,3.686022e-03
721,2,2,1,64.54%,1.705803e-02,7.301346e-05,8.915535e-03,9.456504e-04,2.054829e-01,3.236730e-03
722,2,2,1,64.59%,1.834916e-02,1.235725e-04,9.665532e-03,2.007006e-03,1.567021e-01,3.083748e-03
723,2,2,1,64.64%,1.634305e-02,5.897634e-05,8.976875e-03,1.552931e-03,6.284882e-01,2.129195e-03
724,2,2,1,64.69%,2.749788e-02,8.821586e-05,7.939437e-03,1.042132e-03,1.407738e+00,1.090661e-03
725,2,2,1,64.74%,2.157454e-02,1.578338e-04,8.763226e-03,7.887738e-04,2.136473e-01,2.611191e-03
726,2,2,1,64.79%,6.997214e-02,3.994519e-05,9.810635e-03,8.872015e-04,1.124647e-01,2.455392e-03
727,2,2,1,64.84%,1.674589e-02,6.185916e-06,9.441740e-03,7.807671e-04,7.952432e-02,2.626189e-03
728,2,2,1,64.88%,2.292519e-02,1.092122e-04,8.790111e-03,4.041084e-04,1.520117e-01,2.765397e-03
729,2,2,1,64.93%,2.028767e-02,1.097054e-05,8.636161e-03,1.017732e-04,3.647599e-01,2.157371e-03
730,2,2,1,64.98%,2.007533e-02,1.010968e-05,1.862800e-02,8.669371e-05,1.601936e+00,1.258974e-03
731,2,2,1,65.03%,2.086121e-02,5.835519e-05,2.476766e-02,3.726620e-05,3.914119e-01,2.239231e-03
732,2,2,1,65.08%,2.533895e-02,3.749880e-05,2.089120e-02,1.085137e-05,1.362422e-01,2.389843e-03
733,2,2,1,65.12%,4.362613e-02,1.054565e-04,1.521012e-02,6.828562e-06,1.352086e-01,2.370525e-03
734,2,2,1,65.17%,5.560835e-02,7.582762e-04,2.043697e-02,1.000153e-05,2.399881e-01,2.056701e-03
735,2,2,1,65.22%,4.592160e-02,2.142864e-03,2.297135e-02,6.567052e-06,4.294196e-02,1.507364e-03
736,2,2,1,65.26%,6.849497e-02,2.385433e-03,3.751392e-02,7.852257e-06,6.470806e-02,1.678889e-03
737,2,2,1,65.31%,4.148504e-02,2.566237e-03,4.315201e-02,1.364069e-05,4.809929e-02,1.425935e-03
738,2,2,1,65.36%,2.724879e-02,2.531110e-03,5.599338e-02,8.840469e-06,6.078926e-02,1.399369e-03
739,2,2,1,65.41%,9.699863e-02,1.880628e-03,3.576074e-02,7.385104e-06,5.580128e-02,1.499632e-03
740,0,2,0,65.32%,1.466072e-01,1.763044e-03,7.240409e-02,6.039235e-06,8.093846e-02,1.498108e-03
741,0,2,0,65.23%,5.501949e-02,2.782018e-03,3.163166e-02,3.785428e-06,7.608744e-02,1.148602e-03
742,0,2,0,65.14%,7.187593e-02,2.838720e-03,3.226810e-02,5.063162e-06,8.996319e-02,1.449420e-03
743,0,2,0,65.05%,4.126865e-02,3.038662e-03,3.614569e-02,3.506340e-06,3.591959e-02,1.613257e-03
744,0,2,0,64.97%,1.157999e-01,2.908112e-03,2.121095e-02,2.221141e-06,4.855512e-02,1.805981e-03
745,0,2,0,64.88%,2.118662e-01,2.800926e-03,2.617781e-02,3.064713e-06,2.520611e-02,1.801342e-03
746,0,2,0,64.79%,3.781999e-01,2.569941e-03,2.370371e-02,1.342152e-06,3.803646e-02,1.557659e-03
747,0,2,0,64.71%,2.015587e-01,4.596427e-03,2.082040e-02,1.522706e-06,4.520518e-02,1.902185e-03
748,0,2,0,64.62%,9.314504e-02,4.804009e-03,1.345156e-02,1.488914e-06,6.087373e-02,1.175677e-03
749,1,2,0,64.53%,1.565032e-01,4.654794e-03,1.771497e-02,1.785551e-06,3.230050e-02,1.346402e-03
750,1,2,0,64.45%,1.959795e-01,4.626121e-03,1.726660e-02,1.134700e-06,1.722050e-02,1.334329e-03
751,2,2,1,64.49%,5.567128e-01,5.148601e-03,1.503335e-02,9.284730e-07,2.878796e-02,1.234912e-03
752,1,2,0,64.41%,7.595033e-01,4.455061e-03,2.215741e-02,2.343426e-06,1.573221e-02,1.380831e-03
753,0,2,0,64.32%,8.736264e-01,4.620051e-03,1.488246e-02,1.679518e-06,3.009592e-02,9.931162e-04
754,1,2,0,64.24%,4.706817e-01,4.275538e-03,4.250628e-02,1.251460e-06,1.240301e-02,9.230548e-04
755,1,2,0,64.15%,3.557664e-01,4.706481e-03,1.459293e-02,1.137949e-06,3.846829e-02,1.462157e-03
756,1,2,0,64.07%,2.760715e-01,4.680746e-03,1.341227e-02,5.730560e-07,3.386003e-02,9.555716e-04
757,1,2,0,63.98%,1.973716e-01,3.612963e-03,1.385813e-02,5.201841e-07,2.838358e-02,7.347242e-04
758,0,2,0,63.90%,2.509108e-01,2.948403e-03,2.128050e-02,6.194188e-07,1.713445e-02,6.850980e-04
759,0,2,0,63.82%,1.321278e-01,2.571345e-03,1.415138e-02,4.283551e-07,4.327664e-02,1.126017e-03
760,0,2,0,63.73%,6.667390e-02,2.468575e-03,1.594475e-02,1.918757e-07,9.438208e-03,7.456349e-04
761,0,2,0,63.65%,1.532539e-01,2.526930e-03,1.502277e-02,8.832038e-07,3.588580e-02,7.172510e-04
762,0,2,0,63.56%,1.294001e-01,1.656959e-03,2.601329e-02,5.147933e-07,1.632508e-02,4.407522e-04
763,0,2,0,63.48%,5.837503e-02,8.480551e-04,9.325535e-03,6.225914e-07,1.565787e-02,6.397869e-04
764,0,2,0,63.40%,6.847334e-02,4.937482e-04,1.178893e-02,8.176015e-07,3.377671e-02,4.219027e-04
765,0,2,0,63.32%,1.322299e-02,4.648494e-04,9.869941e-03,8.482175e-07,1.972724e-02,7.742330e-04
766,0,2,0,63.23%,3.082025e-02,6.485985e-04,1.189025e-02,1.636569e-07,2.015367e-02,6.813559e-04
767,0,2,0,63.15%,3.289002e-02,7.764139e-04,1.227492e-02,2.780473e-07,1.531369e-02,5.994375e-04
768,0,2,0,63.07%,2.860819e-02,2.695603e-03,1.189500e-02,4.177549e-07,1.448247e-02,1.519785e-03
769,0,2,0,62.99%,2.338510e-02,5.212306e-03,8.874903e-03,5.608379e-07,2.105428e-02,3.040262e-03
770,0,2,0,62.91%,5.480750e-02,5.893745e-03,1.443057e-02,3.971855e-07,1.435055e-02,5.301108e-03
771,0,2,0,62.82%,8.531236e-03,8.071328e-03,6.770158e-03,4.363752e-07,7.510735e-03,7.499794e-03
772,0,2,0,62.74%,1.103779e-02,1.153813e-02,9.982899e-03,8.378162e-07,7.752479e-03,5.382563e-03
773,0,2,0,62.66%,1.870039e-02,3.715456e-03,9.757885e-03,1.876897e-07,1.244029e-02,5.077699e-03
774,0,2,0,62.58%,2.264843e-02,6.788882e-04,1.141161e-02,3.539693e-07,1.451443e-02,8.520455e-03
775,0,2,0,62.50%,3.061430e-02,2.801676e-04,1.648114e-02,2.674833e-07,1.177608e-02,8.959072e-03
776,0,2,0,62.42%,1.031592e-02,1.230791e-04,7.420115e-03,5.639342e-07,8.903775e-03,3.616173e-03
777,0,2,0,62.34%,1.164613e-02,1.405902e-04,7.232647e-03,4.369251e-07,7.935372e-03,8.510335e-03
778,0,2,0,62.26%,1.486506e-02,3.713792e-05,8.537894e-03,4.770286e-07,8.352534e-03,6.962490e-03
779,0,2,0,62.18%,1.318424e-02,3.355994e-05,6.396893e-03,2.398239e-07,6.620198e-03,6.607352e-03
780,0,2,0,62.10%,6.351749e-03,2.689262e-05,6.020803e-03,2.086948e-07,6.235004e-03,7.469902e-03
781,0,2,0,62.02%,1.004926e-02,4.543346e-05,8.683749e-03,4.807974e-07,8.350737e-03,3.164928e-03
782,0,2,0,61.94%,1.204344e-02,6.038243e-05,9.461915e-03,2.930448e-07,8.898498e-03,1.680710e-03
783,0,2,0,61.86%,1.201467e-02,2.524166e-04,8.665455e-03,5.774265e-07,8.456883e-03,1.909596e-03
784,0,2,0,61.78%,2.130223e-02,2.219590e-04,1.096819e-02,2.014810e-06,1.137580e-02,3.674728e-03
785,0,2,0,61.70%,3.133140e-02,2.546917e-04,1.164238e-02,8.865904e-05,1.654926e-02,8.730926e-04
786,1,2,0,61.63%,5.056105e-02,3.609761e-04,1.023147e-01,2.982747e-04,1.208696e-02,1.143194e-03
787,1,2,0,61.55%,4.382585e-02,5.557126e-04,3.533735e-01,2.575049e-04,1.306645e-02,1.149112e-03
788,1,1,1,61.60%,1.007445e-01,1.007623e-03,5.621051e-02,1.029632e-03,2.040349e-02,2.774000e-04
789,1,1,1,61.65%,1.919963e-01,1.948637e-03,3.959301e-01,1.174501e-03,1.694294e-02,5.330409e-05
790,1,1,1,61.69%,2.634682e-02,2.989377e-03,3.308171e-01,1.523110e-03,4.720639e-02,5.283373e-05
791,1,1,1,61.74%,6.653276e-02,4.352248e-03,7.252147e-01,1.690677e-03,4.172535e-02,2.486653e-05
792,1,1,1,61.79%,1.230730e-01,7.685572e-03,3.737962e-01,2.116682e-03,4.892792e-02,1.672136e-05
793,1,1,1,61.84%,3.740789e-02,9.604976e-03,6.250616e-01,1.925369e-03,6.329339e-02,1.074664e-05
794,1,1,1,61.89%,6.720398e-02,1.032655e-02,4.865976e-01,4.171112e-03,5.219795e-02,7.046533e-06
795,1,1,1,61.93%,1.230258e-01,1.232250e-02,9.132426e-01,4.258734e-03,3.805211e-02,1.435763e-05
796,1,1,1,61.98%,1.475221e-01,1.181983e-02,7.017054e-02,4.317026e-03,3.403574e-02,8.395967e-06
797,1,1,1,62.03%,2.886368e-01,1.140533e-02,7.488536e-02,4.000131e-03,1.812284e-02,6.886580e-06
798,1,1,1,62.08%,3.486918e+00,8.409241e-03,5.236383e-02,2.680388e-03,1.920007e-02,8.414281e-06
799,1,1,1,62.12%,1.527622e-01,1.747894e-03,4.899929e-02,1.177242e-03,1.441447e-02,4.562771e-06
800,1,1,1,62.17%,4.089364e-02,7.213077e-04,8.211620e-02,9.034717e-04,1.044299e-02,8.640638e-06
801,1,1,1,62.22%,2.123236e-02,7.192151e-04,1.710541e-02,1.001575e-03,1.659743e-02,1.518417e-06
802,1,1,1,62.27%,3.194646e-02,5.288540e-04,4.600126e-02,1.136665e-03,1.175405e-02,2.632548e-06
803,1,1,1,62.31%,3.985265e-02,3.380555e-04,3.854898e-02,1.798550e-03,1.248217e-02,2.803142e-06
804,1,1,1,62.36%,7.526019e-02,3.354931e-04,6.152993e-02,5.541141e-03,1.372157e-02,1.320537e-06
805,1,1,1,62.41%,9.647465e-02,3.434930e-04,3.772550e-02,5.119255e-03,1.255631e-02,1.668512e-06
806,0,1,0,62.33%,1.172565e-01,3.141520e-04,2.636081e-02,3.239176e-03,1.416810e-02,1.335119e-06
807,0,1,0,62.25%,1.392477e-01,2.867886e-04,2.157569e-02,3.600512e-03,1.447507e-02,9.756222e-07
808,0,1,0,62.18%,6.664236e-02,1.761153e-04,2.668060e-02,4.927793e-03,1.249781e-02,1.088729e-06
809,0,1,0,62.10%,1.477535e-02,2.444311e-04,1.929829e-02,2.954247e-03,1.324174e-02,7.885525e-07
810,0,1,0,62.02%,4.889207e-02,2.403309e-04,1.723976e-02,7.148925e-04,1.933054e-02,8.420076e-07
811,0,1,0,61.95%,4.447696e-02,1.911731e-04,1.708868e-02,2.385472e-04,1.553365e-02,1.189960e-06
812,0,1,0,61.87%,3.430738e-02,7.561172e-05,2.156472e-02,8.818480e-05,1.247851e-02,9.834032e-07
813,0,1,0,61.79%,1.876248e-02,2.372705e-05,2.132189e-02,5.641981e-05,1.264631e-02,7.382613e-07
814,0,1,0,61.72%,1.088738e-02,2.415342e-05,1.476072e-02,2.745018e-05,1.301974e-02,7.634521e-07
815,0,1,0,61.64%,3.075107e-02,1.556379e-05,2.056752e-02,2.066093e-05,1.418054e-02,4.975192e-07
816,0,1,0,61.57%,1.257997e-02,7.042905e-05,2.400573e-02,2.127656e-05,1.639086e-02,4.451670e-07
817,0,1,0,61.49%,1.719550e-01,3.239236e-04,1.805021e-02,2.393562e-05,1.733843e-02,4.022621e-07
818,0,1,0,61.42%,1.701930e-01,1.782346e-04,1.825607e-02,1.983330e-05,1.551141e-02,3.867100e-07
819,0,1,0,61.34%,1.683974e-01,3.517141e-03,1.601120e-02,1.525767e-05,1.786384e-02,3.443391e-07
820,0,1,0,61.27%,1.992553e+00,5.652480e-03,1.995517e-02,6.473619e-05,1.793144e-02,5.448779e-07
821,0,1,0,61.19%,4.152397e-01,7.536718e-03,2.253610e-02,4.612828e-04,2.168352e-02,8.499235e-08
822,0,1,0,61.12%,2.190454e-01,6.027113e-03,3.360363e-02,9.617146e-04,2.775446e-02,3.939260e-07
823,1,1,1,61.17%,3.152476e-01,7.468216e-03,1.014767e-01,1.614236e-03,1.722678e-02,3.188413e-07
824,1,1,1,61.21%,2.011059e-01,4.992513e-03,9.622344e-02,2.187563e-03,1.466056e-02,1.409319e-07
825,1,1,1,61.26%,5.803519e-02,4.277922e-03,9.318583e-02,2.780457e-03,1.802483e-02,2.743847e-07
826,1,1,1,61.31%,1.867945e-02,3.629033e-03,6.727869e-02,3.701311e-03,1.915531e-02,3.809706e-07
827,1,1,1,61.35%,3.870897e-02,3.717037e-03,5.976453e-01,4.341892e-03,1.232244e-02,6.561032e-07
828,1,1,1,61.40%,1.919055e-02,4.035188e-03,1.313663e-01,4.396261e-03,1.274688e-02,4.294667e-07
829,1,1,1,61.45%,4.170462e-02,2.865555e-03,1.286474e-01,4.195116e-03,1.939456e-02,3.342503e-07
830,1,1,1,61.49%,1.569680e-02,2.672828e-03,1.349267e-01,4.630578e-03,1.875639e-02,2.626558e-07
831,1,1,1,61.54%,4.763822e-02,1.856108e-03,3.406159e-01,3.396302e-03,3.224602e-02,1.402147e-07
832,1,1,1,61.58%,1.538147e-02,1.639741e-03,7.406041e-01,2.917515e-03,5.922740e-02,2.024824e-07
833,1,1,1,61.63%,2.667290e-02,1.681525e-03,9.111857e-01,1.261505e-03,4.071595e-02,2.291221e-07
834,1,1,1,61.68%,1.657555e-01,1.678171e-03,1.564905e-01,6.617476e-04,3.603949e-02,1.978532e-07
835,1,1,1,61.72%,1.033008e-01,1.010518e-03,3.819831e-02,2.239202e-04,3.220738e-02,1.572121e-07
836,1,1,1,61.77%,1.642127e-01,9.158216e-04,3.935151e-02,8.082411e-05,1.889521e-02,2.007977e-07
837,1,1,1,61.81%,2.572724e-01,5.824476e-04,3.047173e-02,3.265966e-05,2.120031e-02,2.313881e-07
838,1,1,1,61.86%,1.934152e-01,8.179876e-04,1.946391e-02,4.571121e-05,1.861799e-02,1.651964e-07
839,1,1,1,61.90%,2.884771e-01,1.459570e-04,5.113334e-02,2.803969e-05,2.391136e-02,2.355443e-07
840,1,1,1,61.95%,2.411892e-02,8.443942e-05,1.513430e-02,2.279264e-05,1.288663e-02,1.161776e-06
841,1,1,1,62.00%,1.031768e-01,3.230433e-04,2.109125e-02,1.369848e-05,1.600349e-02,2.954891e-04
842,1,1,1,62.04%,1.244251e-01,2.969008e-04,1.575717e-02,5.622929e-05,4.380002e-02,6.106768e-04
843,1,1,1,62.09%,4.101506e-02,1.273998e-04,1.484697e-02,2.125631e-05,1.184393e-01,8.520453e-04
844,1,1,1,62.13%,1.562623e-01,2.063448e-04,1.852336e-02,4.744132e-05,3.466638e-02,1.541554e-04
845,1,1,1,62.17%,3.319650e-02,1.080152e-04,3.005477e-02,1.261507e-05,1.232201e-02,7.674871e-06
846,1,1,1,62.22%,2.748696e-02,1.940722e-04,2.056601e-02,1.935882e-05,1.402937e-02,4.205220e-06
847,1,1,1,62.26%,4.856942e-02,2.808534e-04,2.728039e-02,1.339370e-03,1.423722e-02,5.367578e-06
848,1,1,1,62.31%,1.822995e-02,2.058614e-04,3.410903e-01,4.862716e-03,2.559912e-02,3.211795e-06
849,1,1,1,62.35%,2.136800e-02,4.838836e-04,3.598524e-01,5.403128e-03,1.777482e-02,8.450645e-06
850,1,1,1,62.40%,3.585954e-02,1.189415e-03,3.019262e-01,7.398598e-03,2.771872e-02,4.819421e-06
851,1,1,1,62.44%,4.004268e-02,1.342172e-03,8.147253e-02,8.274217e-03,1.664729e-02,1.835230e-06
852,1,1,1,62.49%,3.550652e-02,1.235236e-03,6.285853e-02,7.431707e-03,1.167580e-02,7.143521e-07
853,1,1,1,62.53%,6.527735e-02,2.141877e-03,2.157597e-01,8.120999e-03,2.213120e-02,1.460514e-06
854,1,1,1,62.57%,4.862428e-02,1.918229e-03,2.454155e-01,9.609627e-03,1.263435e-02,4.564965e-07
855,1,1,1,62.62%,1.752787e-02,2.249274e-03,1.560626e-01,9.651466e-03,1.278447e-02,4.121136e-07
856,1,1,1,62.66%,2.535224e-02,2.620119e-03,5.882683e-01,1.088050e-02,5.073570e-02,5.599089e-07
857,1,1,1,62.70%,1.393549e-02,3.567090e-03,6.555260e-01,9.003624e-03,9.325135e-03,7.891082e-05
858,1,1,1,62.75%,3.189246e-02,3.771459e-03,1.019767e+00,6.587608e-03,1.182745e-02,7.329253e-06
859,1,1,1,62.79%,1.884227e-02,4.098783e-03,4.096006e-01,1.402386e-02,1.357072e-02,7.740794e-05
860,1,1,1,62.83%,5.459252e-02,4.785172e-03,2.047195e-01,1.491826e-02,2.135144e-02,1.114231e-04
861,1,1,1,62.88%,1.779291e-02,4.497179e-03,2.154724e-01,1.374395e-02,1.067156e-02,1.981654e-04
862,1,1,1,62.92%,1.854628e-02,4.831015e-03,4.064271e-01,1.317415e-02,1.071456e-02,8.405392e-04
863,1,1,1,62.96%,4.605981e-02,4.017808e-03,5.551515e-01,1.186685e-02,1.864422e-02,7.125612e-04
864,1,1,1,63.01%,3.412514e-02,2.580056e-03,4.361649e-01,1.232441e-02,1.855481e-02,7.054775e-04
865,1,1,1,63.05%,1.708198e-02,1.660218e-03,3.489321e+00,9.901984e-03,1.945145e-02,1.207109e-03
866,1,1,1,63.09%,1.834636e-02,2.986974e-03,2.383704e+00,6.725964e-03,2.825769e-02,6.977682e-04
867,1,1,1,63.13%,2.119151e-02,3.261390e-03,2.928751e-01,1.115735e-02,2.354263e-02,4.583163e-04
868,1,1,1,63.18%,2.292952e-02,3.102930e-03,4.387394e-01,1.061839e-02,1.732324e-02,2.303807e-04
869,1,1,1,63.22%,1.132824e-01,3.042836e-03,1.074094e-01,8.755053e-03,1.572072e-02,7.046419e-05
870,1,1,1,63.26%,1.871875e-02,2.483312e-03,1.953554e-01,9.120779e-03,2.344808e-02,1.086657e-04
871,1,1,1,63.30%,2.682344e-02,2.487700e-03,6.064666e-01,7.039311e-03,1.260008e-02,3.182355e-04
872,1,1,1,63.34%,1.975975e-02,2.734257e-03,9.567103e-01,6.173562e-03,1.175111e-02,2.378073e-03
873,1,1,1,63.39%,1.554539e-02,2.327746e-03,4.922103e-01,4.845334e-03,2.144059e-02,9.584134e-03
874,1,1,1,63.43%,1.162694e-01,2.140243e-03,3.140157e-01,9.331398e-03,4.323601e-02,8.562084e-03
875,1,1,1,63.47%,4.517928e-02,2.011535e-03,1.325161e-01,1.066218e-02,5.115609e-02,1.413543e-02
876,1,2,0,63.40%,8.911890e-02,2.151632e-03,5.806586e-02,7.052377e-03,4.718569e-01,2.120226e-02
877,1,2,0,63.33%,2.402482e-02,1.789479e-03,9.981814e-02,3.707536e-03,2.068482e-01,1.393836e-02
878,2,2,1,63.37%,1.862936e-02,1.003927e-03,7.801895e-02,2.000734e-03,1.492991e-01,1.901228e-02
879,2,2,1,63.41%,1.472513e-02,7.234295e-04,7.258276e-02,6.626581e-04,2.285731e-01,1.847992e-02
880,2,2,1,63.45%,1.570800e-02,6.122671e-04,6.718597e-02,2.353385e-04,3.623452e-01,1.244126e-02
881,2,2,1,63.49%,2.894796e-02,1.569968e-04,6.644854e-02,2.568308e-04,9.100475e-01,1.313802e-02
882,2,2,1,63.53%,2.164451e-02,6.581540e-05,5.575007e-02,2.432702e-04,3.966814e-01,9.425295e-03
883,2,2,1,63.57%,2.578139e-02,9.519242e-04,4.497360e-02,1.711705e-04,2.830458e-01,6.470838e-03
884,2,2,1,63.62%,3.455189e-02,8.294111e-04,2.915219e-02,1.640609e-04,2.073835e-01,8.141683e-03
885,2,2,1,63.66%,2.271447e-02,8.281908e-04,4.670317e-02,1.538128e-04,3.928924e-01,6.178337e-03
886,2,2,1,63.70%,2.821488e-02,2.701262e-03,1.930268e-02,1.689737e-04,5.718938e-02,5.117272e-03
887,2,2,1,63.74%,5.697287e-02,5.573258e-03,2.754270e-02,1.740210e-04,4.672052e-02,6.353770e-03
888,2,2,1,63.78%,5.029960e-02,7.482707e-03,1.614715e-02,9.678378e-05,4.772066e-02,4.825118e-03
889,2,2,1,63.82%,7.129767e-02,7.095644e-03,2.810953e-02,4.448827e-05,2.156887e-02,4.475636e-03
890,2,2,1,63.86%,4.264326e-02,6.423627e-03,4.008000e-02,5.840801e-05,6.256461e-02,5.061234e-03
891,2,2,1,63.90%,1.388611e-01,5.279890e-03,1.858876e-02,4.448638e-05,4.932934e-02,3.301129e-03
892,2,2,1,63.94%,2.327537e-01,3.334087e-03,6.228210e-02,6.661140e-04,4.848652e-02,4.664196e-03
893,2,2,1,63.98%,1.906980e-02,2.464736e-03,2.626810e-02,2.473041e-03,2.135475e-02,3.678430e-03
894,2,2,1,64.02%,1.257650e-01,1.481606e-03,6.009296e-02,2.813680e-03,5.012434e-02,4.514089e-03
895,2,2,1,64.06%,1.849333e-02,9.474276e-04,3.721429e-02,1.522671e-03,1.093164e-01,4.513542e-03
896,2,2,1,64.10%,9.652927e-02,5.284512e-04,2.345211e-02,1.218220e-03,4.101411e-02,4.268701e-03
897,2,2,1,64.14%,1.803581e-02,5.695681e-04,3.595947e-02,1.803364e-03,3.373086e-01,5.925458e-03
898,2,2,1,64.18%,3.429167e-02,9.758294e-04,1.423715e-02,7.414898e-04,1.791699e-01,4.881354e-03
899,2,2,1,64.22%,2.449366e-02,1.458936e-03,3.405124e-02,5.732565e-04,1.792903e-01,6.696436e-03
900,2,2,1,64.26%,3.286548e-02,9.925070e-04,1.380966e-02,2.259469e-04,2.109681e-01,5.716148e-03
901,2,2,1,64.30%,2.665638e-02,1.860144e-03,2.406108e-02,1.476750e-04,2.226771e-01,6.759990e-03
902,2,2,1,64.34%,3.080973e-02,4.537680e-04,2.662619e-02,6.696399e-05,2.284903e-01,7.445646e-03
903,2,2,1,64.38%,2.895966e-02,3.876958e-03,3.826342e-02,1.809411e-05,2.399961e-01,8.582206e-03
904,2,2,1,64.42%,3.981103e-02,4.165151e-03,2.071955e-02,1.206862e-05,1.628410e-01,8.668357e-03
905,2,2,1,64.46%,2.789030e-02,3.245231e-03,2.817261e-02,1.591480e-05,2.245077e-01,6.654306e-03
906,2,2,1,64.50%,3.217367e-02,2.198900e-03,2.897963e-02,9.884439e-06,1.659610e-01,4.636136e-03
907,2,2,1,64.54%,3.198450e-02,2.306527e-03,1.880845e-02,1.126705e-05,1.962525e-01,4.270153e-03
908,2,2,1,64.58%,2.918096e-02,3.170923e-03,2.085074e-02,6.095191e-06,1.678928e-01,3.620252e-03
909,2,2,1,64.62%,2.453353e-02,4.700678e-03,2.371570e-02,1.063571e-05,2.137496e-01,4.175517e-03
910,2,2,1,64.65%,2.571920e-02,4.994824e-03,1.189336e-02,1.457795e-05,1.829529e-01,3.425435e-03
911,2,2,1,64.69%,2.103607e-02,2.600499e-03,3.590663e-02,9.063205e-05,1.922837e-01,2.706855e-03
912,2,2,1,64.73%,4.067628e-02,2.305584e-03,4.244720e-02,1.662326e-03,1.424786e-02,3.277167e-03
913,2,2,1,64.77%,2.548935e-02,4.984494e-03,1.836985e-01,3.638488e-03,1.481033e-02,3.100927e-03
914,2,2,1,64.81%,2.265230e-02,3.706131e-03,3.331313e-01,5.143241e-03,3.770869e-02,3.801839e-03
915,2,2,1,64.85%,3.214536e-02,2.736812e-03,2.187611e-01,3.468134e-03,4.624350e-02,2.110955e-03
916,2,2,1,64.89%,1.484028e-02,4.390627e-03,1.860123e-01,1.303661e-03,6.077593e-02,2.273339e-03
917,2,2,1,64.92%,1.804067e-02,4.319892e-03,8.647638e-02,3.042181e-04,1.605575e-02,1.409551e-03
918,2,2,1,64.96%,2.080811e-02,2.337130e-03,3.546384e-02,2.417906e-04,1.373855e-02,7.309409e-04
919,2,2,1,65.00%,7.602424e-03,2.454183e-03,1.053615e-02,3.224806e-04,1.980500e-02,2.617488e-03
920,2,2,1,65.04%,2.012978e-02,2.828190e-04,1.166396e-02,2.351037e-04,2.178185e-01,8.312777e-03
921,2,2,1,65.08%,3.251083e-02,3.473873e-05,2.122572e-02,1.404360e-04,3.985261e-01,1.009195e-02
922,1,2,0,65.01%,3.104983e-02,3.335889e-05,1.830722e-02,7.301511e-05,6.057671e-01,1.121164e-02
923,1,2,0,64.94%,2.688433e-02,2.216633e-05,1.633035e-02,6.817866e-05,5.920540e-01,1.026535e-02
924,1,2,0,64.86%,3.915754e-02,2.215318e-05,1.738770e-02,6.102192e-05,4.272476e-01,1.020831e-02
925,1,2,0,64.79%,3.569330e-02,9.613497e-06,1.740936e-02,4.574877e-05,3.409711e-01,8.462201e-03
926,1,2,0,64.72%,2.800176e-02,1.329508e-05,2.028587e-02,5.510940e-04,3.905649e-01,7.785935e-03
927,1,2,0,64.66%,2.798588e-02,9.333721e-06,1.206319e-02,8.937261e-05,6.166406e-01,5.514367e-03
928,1,2,0,64.59%,3.350240e-02,9.660596e-06,1.535002e-02,1.131743e-04,3.118902e-01,2.632388e-03
929,1,1,1,64.62%,2.566998e-02,4.978966e-06,1.293103e-02,8.672308e-04,4.349003e-01,1.337667e-03
930,1,1,1,64.66%,3.362574e-02,7.596708e-06,4.150590e-02,4.059112e-03,6.185258e-02,1.399904e-03
931,1,1,1,64.70%,2.973844e-02,6.608058e-06,5.854829e-02,8.841402e-03,3.252102e-02,1.943568e-03
932,1,1,1,64.74%,1.613377e-02,7.076688e-06,1.627989e-01,1.058466e-02,5.911702e-02,3.056632e-03
933,1,1,1,64.78%,7.542550e-02,1.298221e-04,1.367583e-01,8.546598e-03,5.380198e-02,3.830349e-03
934,1,1,1,64.81%,6.807790e-02,2.360026e-04,9.178121e-02,9.275625e-03,2.963013e-02,3.807568e-03
935,1,1,1,64.85%,3.331747e-02,5.707641e-03,1.589722e-01,1.122209e-02,3.871297e-02,3.566571e-03
936,1,1,1,64.89%,2.248377e-01,8.141926e-03,1.157708e-01,1.402779e-02,1.996348e-02,4.301145e-03
937,1,1,1,64.93%,8.902477e-02,1.046835e-02,6.827782e-02,1.557633e-02,3.486821e-02,4.371528e-03
938,1,1,1,64.96%,9.087916e-02,8.283198e-03,4.216127e-02,1.363847e-02,1.986441e-02,4.123615e-03
939,1,1,1,65.00%,7.886705e-02,1.185278e-02,3.638679e-02,1.027490e-02,3.409253e-02,2.915469e-03
940,1,1,1,65.04%,5.839137e-02,8.040452e-03,2.417733e-02,1.267822e-02,1.160085e-02,2.822213e-03
941,1,1,1,65.07%,1.067253e-01,7.810269e-03,4.373334e-01,1.398725e-02,8.534365e-02,2.595328e-03
942,1,1,1,65.11%,1.872520e-02,6.634618e-03,2.791131e+00,1.123514e-02,2.104500e-02,1.073346e-03
943,1,1,1,65.15%,4.196102e-02,9.806409e-03,2.121248e-01,1.767836e-02,7.874790e-02,2.113634e-04
944,1,1,1,65.19%,3.081059e-02,6.722181e-03,6.125717e-02,2.069965e-02,1.513039e-02,4.531311e-05
945,1,1,1,65.22%,1.306750e-01,6.758331e-03,1.764023e-01,1.943566e-02,1.418326e-02,4.177841e-04
946,1,1,1,65.26%,1.345417e-01,7.908450e-03,9.719601e-02,1.838018e-02,1.503239e-02,7.118293e-04
947,1,1,1,65.30%,1.410686e-01,6.198053e-03,3.105256e-02,1.824571e-02,1.135287e-02,1.633733e-04
948,1,1,1,65.33%,4.778389e-02,5.074077e-03,6.241353e-02,1.777854e-02,3.172838e-02,4.213259e-04
949,1,1,1,65.37%,1.921638e-01,5.761079e-03,1.349537e-01,1.430668e-02,2.531453e-02,8.944223e-04
950,1,1,1,65.40%,2.452130e+00,4.773886e-03,1.560324e-01,1.299144e-02,1.990472e-02,1.705615e-04
951,1,1,1,65.44%,8.140259e-02,4.312966e-03,1.068854e-01,1.284843e-02,5.424766e-02,8.090086e-05
952,1,1,1,65.48%,4.030504e-02,5.335861e-03,1.011187e+00,1.248174e-02,1.865693e-02,2.887081e-05
953,1,1,1,65.51%,4.498603e-02,3.350050e-03,2.928646e-01,1.278302e-02,1.693459e-02,1.594829e-05
954,1,1,1,65.55%,1.799144e-02,2.872831e-03,8.700560e-01,1.087194e-02,4.877310e-02,8.647568e-06
955,1,1,1,65.59%,3.732913e-02,2.763867e-03,2.607142e-01,1.487930e-02,1.265366e-01,5.457662e-06
956,1,1,1,65.62%,1.823551e-02,2.258603e-03,2.072401e-01,1.695785e-02,5.064523e-02,1.117762e-05
957,1,1,1,65.66%,9.453140e-02,2.418107e-03,1.872911e-01,1.559534e-02,2.465978e-02,1.116705e-05
958,1,1,1,65.69%,2.222627e-02,3.390328e-03,1.632124e-01,1.324778e-02,3.816649e-02,3.540823e-06
959,1,1,1,65.73%,6.995006e-02,2.989863e-03,2.951730e-01,1.240522e-02,1.497983e-02,3.028365e-06
960,1,1,1,65.76%,6.346374e-02,3.478125e-03,4.505738e-01,1.079682e-02,1.699002e-02,1.150893e-06
961,1,1,1,65.80%,1.357170e-01,2.988342e-03,5.146312e-01,8.618345e-03,1.660408e-02,1.120359e-06
962,1,1,1,65.84%,1.890844e-02,1.959425e-03,1.329847e-01,6.446348e-03,3.646704e-02,5.979920e-05
963,1,1,1,65.87%,2.267374e-02,1.261656e-03,1.323100e-01,1.622137e-03,1.263538e-02,5.131816e-03
964,1,1,1,65.91%,1.680589e-02,3.370742e-04,1.307155e-02,3.329050e-04,1.870948e-01,7.722011e-03
965,2,1,0,65.84%,1.269878e-02,1.081549e-04,1.592890e-02,3.593850e-04,2.252682e-01,1.210284e-02
966,2,2,1,65.87%,1.628411e-02,1.490176e-04,1.637727e-02,3.305558e-04,1.600756e-01,7.077220e-03
967,2,2,1,65.91%,1.620954e-02,1.355884e-04,1.166596e-02,2.821449e-04,3.234722e-01,5.917185e-03
968,2,2,1,65.94%,1.849865e-02,1.678769e-04,1.977772e-02,2.162203e-04,3.369352e-01,7.606702e-03
969,2,2,1,65.98%,1.964096e-02,1.328995e-04,2.287120e-02,3.736524e-04,5.224969e-01,5.087736e-03
970,2,2,1,66.01%,2.863474e-01,1.460108e-04,2.232289e-02,8.602006e-04,2.839923e-01,6.852041e-03
971,2,2,1,66.05%,1.090291e-01,3.576514e-04,3.043810e-02,1.386452e-03,3.899385e-01,4.588916e-03
972,2,2,1,66.08%,2.893257e-02,3.528010e-04,7.627686e-02,2.456289e-03,3.808494e-02,3.922326e-03
973,2,2,1,66.12%,2.377792e-01,1.060359e-03,4.133012e-02,3.317948e-03,1.388746e-01,6.659120e-03
974,2,2,1,66.15%,1.637058e-02,3.815681e-03,1.725934e-02,3.196412e-03,1.751258e-01,4.429595e-03
975,2,2,1,66.19%,1.689265e-02,1.702469e-03,1.094998e-02,2.617886e-03,1.535846e-01,3.994112e-03
976,2,2,1,66.22%,9.892613e-03,4.196415e-03,2.917245e-02,2.918212e-03,6.446696e-01,5.909552e-03
977,2,2,1,66.26%,1.418408e-02,5.184085e-03,2.182062e-02,2.666914e-03,5.440325e-01,4.248208e-03
978,2,2,1,66.29%,1.321249e-02,7.312796e-03,3.729538e-02,2.649929e-03,9.652262e-02,5.357713e-03
979,2,2,1,66.33%,1.624801e-02,8.929923e-04,4.019289e-02,2.174763e-03,1.620424e-01,4.955514e-03
980,2,1,0,66.26%,2.246313e-02,2.898291e-04,3.817523e-02,1.568314e-03,4.258333e-02,4.059138e-03
981,2,1,0,66.19%,5.703747e-02,1.723631e-04,1.596543e-02,1.964023e-03,3.690933e-02,3.684948e-03
982,2,1,0,66.12%,2.324978e-02,1.392903e-04,1.534392e-02,1.551225e-03,2.050061e-01,3.406285e-03
983,2,1,0,66.06%,1.267636e-02,3.557320e-05,1.256325e-02,1.556196e-03,1.694798e-01,3.922060e-03
984,1,1,1,66.09%,1.280897e-02,3.582255e-04,1.297723e-02,1.857524e-03,5.903127e-02,4.826527e-03
985,1,1,1,66.13%,2.608792e-02,5.367531e-03,6.786701e-02,1.633169e-03,4.757207e-02,1.117592e-03
986,1,2,0,66.06%,6.854696e-02,8.284661e-03,2.614326e-02,1.417851e-03,2.857535e-02,2.664655e-04
987,1,2,0,65.99%,5.632443e-02,6.286867e-03,3.280018e-02,1.452371e-03,5.369461e-02,2.767205e-04
988,1,2,0,65.93%,4.475788e-01,2.368195e-03,3.325505e-02,2.437569e-03,2.295888e-02,4.558258e-04
989,1,2,0,65.86%,5.702997e-02,3.747815e-04,8.343352e-02,1.953547e-03,2.015658e-02,2.667870e-04
990,1,2,0,65.79%,4.276630e-02,6.649179e-04,1.675707e-01,2.073231e-03,1.692527e-02,3.565043e-04
991,1,1,1,65.83%,1.509289e-02,5.585018e-04,7.825803e-02,1.897091e-03,2.142596e-02,9.732200e-04
992,1,1,1,65.86%,4.142564e-02,3.103619e-04,6.869485e-02,1.871311e-03,3.225585e-02,1.967398e-03
993,1,1,1,65.90%,1.077432e-02,1.786372e-04,1.696650e-01,1.017327e-03,3.785471e-02,3.102408e-03
994,0,1,0,65.83%,2.059390e-02,2.394646e-04,7.488646e-02,1.534518e-03,5.465832e-02,6.949551e-03
995,0,1,0,65.76%,3.692587e-02,1.626573e-04,7.081633e-02,1.687131e-03,2.092017e-01,7.220230e-03
996,0,1,0,65.70%,1.591734e-02,3.113419e-05,5.537399e-02,1.413105e-03,3.087698e-01,1.286278e-02
997,0,1,0,65.63%,1.748960e-02,2.704489e-05,1.631570e-02,1.188592e-03,3.455703e-01,1.088893e-02
998,0,0,1,65.67%,2.866887e-02,2.699348e-05,4.230891e-02,1.139775e-03,3.686668e-01,9.231787e-03
999,0,0,1,65.70%,4.170859e-02,6.252543e-05,1.116133e-01,8.932775e-04,1.914295e-01,6.861809e-03
